{
    "analyzers": {
      "core": {
        "enabled": true,
        "verbose": true,
        "rules": {
          "adminusername-should-not-be-literal": {
            "level": "error"
          },
          "max-outputs": {
            "level": "error"
          },
          "max-params": {
            "level": "error"
          },
          "max-resources": {
            "level": "error"
          },
          "max-variables": {
            "level": "error"
          },
          "no-hardcoded-env-urls": {
            "level": "error"
          },
          "no-unnecessary-dependson": {
            "level": "error"
          },
          "no-unused-params": {
            "level": "error"
          },
          "no-unused-vars": {
            "level": "error"
          },
          "outputs-should-not-contain-secrets": {
            "level": "error"
          },
          "prefer-interpolation": {
            "level": "error"
          },
          "secure-parameter-default": {
            "level": "error"
          },
          "simplify-interpolation": {
            "level": "error"
          },
          "protect-commandtoexecute-secrets": {
            "level": "error"
          },
          "use-stable-vm-image": {
            "level": "error"
          }
        }
      }
    }
  }