{
  "$schema": "https://schema.management.azure.com/schemas/2019-04-01/deploymentTemplate.json#",
  "contentVersion": "1.0.0.0",
  "metadata": {
    "_generator": {
      "name": "bicep",
      "version": "0.21.1.54444",
      "templateHash": "18341418648216202310"
    }
  },
  "resources": [
    {
      "type": "Microsoft.Resources/deployments",
      "apiVersion": "2022-09-01",
      "name": "deploy-app-monitor",
      "properties": {
        "expressionEvaluationOptions": {
          "scope": "inner"
        },
        "mode": "Incremental",
        "template": {
          "$schema": "https://schema.management.azure.com/schemas/2019-04-01/deploymentTemplate.json#",
          "contentVersion": "1.0.0.0",
          "metadata": {
            "_generator": {
              "name": "bicep",
              "version": "0.21.1.54444",
              "templateHash": "14099255139098884857"
            }
          },
          "parameters": {
            "location": {
              "type": "string",
              "defaultValue": "[resourceGroup().location]",
              "metadata": {
                "description": "Location for all resources."
              }
            }
          },
          "resources": [
            {
              "type": "Microsoft.Resources/deployments",
              "apiVersion": "2022-09-01",
              "name": "deploy_const",
              "properties": {
                "expressionEvaluationOptions": {
                  "scope": "inner"
                },
                "mode": "Incremental",
                "template": {
                  "$schema": "https://schema.management.azure.com/schemas/2019-04-01/deploymentTemplate.json#",
                  "contentVersion": "1.0.0.0",
                  "metadata": {
                    "_generator": {
                      "name": "bicep",
                      "version": "0.21.1.54444",
                      "templateHash": "7408531249123174432"
                    }
                  },
                  "resources": [],
                  "outputs": {
                    "rggroup": {
                      "type": "string",
                      "value": "test-bicep-rg2"
                    },
                    "rggroupag": {
                      "type": "string",
                      "value": "free-rg"
                    },
                    "agemailgp": {
                      "type": "string",
                      "value": "AG-EMAIL-GP"
                    },
                    "sppplan": {
                      "type": "string",
                      "value": "dev-bicep-pl01"
                    },
                    "appservice": {
                      "type": "string",
                      "value": "dev-bicep-app01"
                    },
                    "func": {
                      "type": "string",
                      "value": ""
                    },
                    "sqlserver": {
                      "type": "string",
                      "value": "dev-bicep-db"
                    },
                    "sqldatabase": {
                      "type": "string",
                      "value": "dev-bicep-db-database"
                    },
                    "keyvault": {
                      "type": "string",
                      "value": "Vault20230726"
                    },
                    "actgp": {
                      "type": "string",
                      "value": "SMSAlert"
                    },
                    "emailAddress": {
                      "type": "string",
                      "value": "majestic29s@gmail.com"
                    }
                  }
                }
              }
            },
            {
              "type": "Microsoft.Resources/deployments",
              "apiVersion": "2022-09-01",
              "name": "deploy_alert_app_error",
              "properties": {
                "expressionEvaluationOptions": {
                  "scope": "inner"
                },
                "mode": "Incremental",
                "parameters": {
                  "location": {
                    "value": "[parameters('location')]"
                  },
                  "appName": {
                    "value": "[format('{0} Server 5xx Error count', reference(resourceId('Microsoft.Resources/deployments', 'deploy_const'), '2022-09-01').outputs.appservice.value)]"
                  },
                  "resourceId": {
                    "value": "[extensionResourceId(format('/subscriptions/{0}/resourceGroups/{1}', subscription().subscriptionId, reference(resourceId('Microsoft.Resources/deployments', 'deploy_const'), '2022-09-01').outputs.rggroup.value), 'Microsoft.Web/sites', reference(resourceId('Microsoft.Resources/deployments', 'deploy_const'), '2022-09-01').outputs.appservice.value)]"
                  },
                  "targetResourceType": {
                    "value": "Microsoft.Web/sites"
                  },
                  "actionGroupId": {
                    "value": "[extensionResourceId(format('/subscriptions/{0}/resourceGroups/{1}', subscription().subscriptionId, reference(resourceId('Microsoft.Resources/deployments', 'deploy_const'), '2022-09-01').outputs.rggroupag.value), 'Microsoft.Insights/actionGroups', reference(resourceId('Microsoft.Resources/deployments', 'deploy_const'), '2022-09-01').outputs.agemailgp.value)]"
                  },
                  "metricName": {
                    "value": "Http5xx"
                  },
                  "timeAggregation": {
                    "value": "Count"
                  },
                  "operator": {
                    "value": "GreaterThan"
                  },
                  "threshold": {
                    "value": 0
                  }
                },
                "template": {
                  "$schema": "https://schema.management.azure.com/schemas/2019-04-01/deploymentTemplate.json#",
                  "contentVersion": "1.0.0.0",
                  "metadata": {
                    "_generator": {
                      "name": "bicep",
                      "version": "0.21.1.54444",
                      "templateHash": "12896999622102751166"
                    }
                  },
                  "parameters": {
                    "location": {
                      "type": "string",
                      "metadata": {
                        "description": "Location for all resources."
                      }
                    },
                    "appName": {
                      "type": "string",
                      "metadata": {
                        "description": "System code"
                      }
                    },
                    "alName": {
                      "type": "string",
                      "defaultValue": "[parameters('appName')]",
                      "metadata": {
                        "description": "Name of alert rule"
                      }
                    },
                    "alertSeverity": {
                      "type": "int",
                      "defaultValue": 1,
                      "allowedValues": [
                        0,
                        1,
                        2,
                        3,
                        4
                      ],
                      "metadata": {
                        "description": "Severity of alert {0,1,2,3,4}"
                      }
                    },
                    "isEnabled": {
                      "type": "bool",
                      "defaultValue": true,
                      "metadata": {
                        "description": "Specifies whether the alert is enabled"
                      }
                    },
                    "resourceId": {
                      "type": "string",
                      "minLength": 1,
                      "metadata": {
                        "description": "Full Resource ID of the resource emitting the metric that will be used for the comparison. For example /subscriptions/00000000-0000-0000-0000-0000-00000000/resourceGroups/ResourceGroupName/providers/Microsoft.compute/virtualMachines/VM_xyz"
                      }
                    },
                    "windowSize": {
                      "type": "string",
                      "defaultValue": "PT5M",
                      "allowedValues": [
                        "PT1M",
                        "PT5M",
                        "PT15M",
                        "PT30M",
                        "PT1H"
                      ],
                      "metadata": {
                        "description": "Period of time used to monitor alert activity based on the threshold. Must be between five minutes and one hour. ISO 8601 duration format."
                      }
                    },
                    "evaluationFrequency": {
                      "type": "string",
                      "defaultValue": "PT5M",
                      "allowedValues": [
                        "PT1M",
                        "PT5M",
                        "PT15M",
                        "PT30M",
                        "PT1H"
                      ],
                      "metadata": {
                        "description": "how often the metric alert is evaluated represented in ISO 8601 duration format"
                      }
                    },
                    "autoMitigate": {
                      "type": "bool",
                      "defaultValue": true,
                      "metadata": {
                        "description": "the flag that indicates whether the alert should be auto resolved or not. The default is true."
                      }
                    },
                    "actionGroupId": {
                      "type": "string",
                      "metadata": {
                        "description": "action group id"
                      }
                    },
                    "metricName": {
                      "type": "string"
                    },
                    "timeAggregation": {
                      "type": "string"
                    },
                    "operator": {
                      "type": "string"
                    },
                    "targetResourceType": {
                      "type": "string"
                    },
                    "threshold": {
                      "type": "int"
                    }
                  },
                  "resources": [
                    {
                      "type": "Microsoft.Insights/metricAlerts",
                      "apiVersion": "2018-03-01",
                      "name": "[parameters('alName')]",
                      "location": "global",
                      "properties": {
                        "criteria": {
                          "odata.type": "Microsoft.Azure.Monitor.SingleResourceMultipleMetricCriteria",
                          "allOf": [
                            {
                              "metricName": "[parameters('metricName')]",
                              "name": "1st criterion",
                              "criterionType": "StaticThresholdCriterion",
                              "timeAggregation": "[parameters('timeAggregation')]",
                              "operator": "[parameters('operator')]",
                              "threshold": "[parameters('threshold')]",
                              "dimensions": []
                            }
                          ]
                        },
                        "targetResourceType": "[parameters('targetResourceType')]",
                        "enabled": "[parameters('isEnabled')]",
                        "evaluationFrequency": "[parameters('evaluationFrequency')]",
                        "scopes": [
                          "[parameters('resourceId')]"
                        ],
                        "severity": "[parameters('alertSeverity')]",
                        "windowSize": "[parameters('windowSize')]",
                        "autoMitigate": "[parameters('autoMitigate')]",
                        "targetResourceRegion": "[parameters('location')]",
                        "actions": [
                          {
                            "actionGroupId": "[parameters('actionGroupId')]"
                          }
                        ]
                      }
                    }
                  ]
                }
              },
              "dependsOn": [
                "[resourceId('Microsoft.Resources/deployments', 'deploy_const')]"
              ]
            }
          ]
        }
      }
    },
    {
      "type": "Microsoft.Resources/deployments",
      "apiVersion": "2022-09-01",
      "name": "deploy-app-plan-monitor",
      "properties": {
        "expressionEvaluationOptions": {
          "scope": "inner"
        },
        "mode": "Incremental",
        "template": {
          "$schema": "https://schema.management.azure.com/schemas/2019-04-01/deploymentTemplate.json#",
          "contentVersion": "1.0.0.0",
          "metadata": {
            "_generator": {
              "name": "bicep",
              "version": "0.21.1.54444",
              "templateHash": "13315253747636567399"
            }
          },
          "parameters": {
            "location": {
              "type": "string",
              "defaultValue": "[resourceGroup().location]",
              "metadata": {
                "description": "Location for all resources."
              }
            }
          },
          "resources": [
            {
              "type": "Microsoft.Resources/deployments",
              "apiVersion": "2022-09-01",
              "name": "deploy_const",
              "properties": {
                "expressionEvaluationOptions": {
                  "scope": "inner"
                },
                "mode": "Incremental",
                "template": {
                  "$schema": "https://schema.management.azure.com/schemas/2019-04-01/deploymentTemplate.json#",
                  "contentVersion": "1.0.0.0",
                  "metadata": {
                    "_generator": {
                      "name": "bicep",
                      "version": "0.21.1.54444",
                      "templateHash": "7408531249123174432"
                    }
                  },
                  "resources": [],
                  "outputs": {
                    "rggroup": {
                      "type": "string",
                      "value": "test-bicep-rg2"
                    },
                    "rggroupag": {
                      "type": "string",
                      "value": "free-rg"
                    },
                    "agemailgp": {
                      "type": "string",
                      "value": "AG-EMAIL-GP"
                    },
                    "sppplan": {
                      "type": "string",
                      "value": "dev-bicep-pl01"
                    },
                    "appservice": {
                      "type": "string",
                      "value": "dev-bicep-app01"
                    },
                    "func": {
                      "type": "string",
                      "value": ""
                    },
                    "sqlserver": {
                      "type": "string",
                      "value": "dev-bicep-db"
                    },
                    "sqldatabase": {
                      "type": "string",
                      "value": "dev-bicep-db-database"
                    },
                    "keyvault": {
                      "type": "string",
                      "value": "Vault20230726"
                    },
                    "actgp": {
                      "type": "string",
                      "value": "SMSAlert"
                    },
                    "emailAddress": {
                      "type": "string",
                      "value": "majestic29s@gmail.com"
                    }
                  }
                }
              }
            },
            {
              "type": "Microsoft.Resources/deployments",
              "apiVersion": "2022-09-01",
              "name": "deploy_alert_pln_mem",
              "properties": {
                "expressionEvaluationOptions": {
                  "scope": "inner"
                },
                "mode": "Incremental",
                "parameters": {
                  "location": {
                    "value": "[parameters('location')]"
                  },
                  "appName": {
                    "value": "[format('{0} Memory 90 Over', reference(resourceId('Microsoft.Resources/deployments', 'deploy_const'), '2022-09-01').outputs.sppplan.value)]"
                  },
                  "resourceId": {
                    "value": "[extensionResourceId(format('/subscriptions/{0}/resourceGroups/{1}', subscription().subscriptionId, reference(resourceId('Microsoft.Resources/deployments', 'deploy_const'), '2022-09-01').outputs.rggroup.value), 'Microsoft.Web/serverfarms', reference(resourceId('Microsoft.Resources/deployments', 'deploy_const'), '2022-09-01').outputs.sppplan.value)]"
                  },
                  "targetResourceType": {
                    "value": "Microsoft.Web/serverfarms"
                  },
                  "actionGroupId": {
                    "value": "[extensionResourceId(format('/subscriptions/{0}/resourceGroups/{1}', subscription().subscriptionId, reference(resourceId('Microsoft.Resources/deployments', 'deploy_const'), '2022-09-01').outputs.rggroupag.value), 'Microsoft.Insights/actionGroups', reference(resourceId('Microsoft.Resources/deployments', 'deploy_const'), '2022-09-01').outputs.agemailgp.value)]"
                  },
                  "metricName": {
                    "value": "MemoryPercentage"
                  },
                  "timeAggregation": {
                    "value": "Average"
                  },
                  "operator": {
                    "value": "GreaterThan"
                  },
                  "threshold": {
                    "value": 90
                  }
                },
                "template": {
                  "$schema": "https://schema.management.azure.com/schemas/2019-04-01/deploymentTemplate.json#",
                  "contentVersion": "1.0.0.0",
                  "metadata": {
                    "_generator": {
                      "name": "bicep",
                      "version": "0.21.1.54444",
                      "templateHash": "12896999622102751166"
                    }
                  },
                  "parameters": {
                    "location": {
                      "type": "string",
                      "metadata": {
                        "description": "Location for all resources."
                      }
                    },
                    "appName": {
                      "type": "string",
                      "metadata": {
                        "description": "System code"
                      }
                    },
                    "alName": {
                      "type": "string",
                      "defaultValue": "[parameters('appName')]",
                      "metadata": {
                        "description": "Name of alert rule"
                      }
                    },
                    "alertSeverity": {
                      "type": "int",
                      "defaultValue": 1,
                      "allowedValues": [
                        0,
                        1,
                        2,
                        3,
                        4
                      ],
                      "metadata": {
                        "description": "Severity of alert {0,1,2,3,4}"
                      }
                    },
                    "isEnabled": {
                      "type": "bool",
                      "defaultValue": true,
                      "metadata": {
                        "description": "Specifies whether the alert is enabled"
                      }
                    },
                    "resourceId": {
                      "type": "string",
                      "minLength": 1,
                      "metadata": {
                        "description": "Full Resource ID of the resource emitting the metric that will be used for the comparison. For example /subscriptions/00000000-0000-0000-0000-0000-00000000/resourceGroups/ResourceGroupName/providers/Microsoft.compute/virtualMachines/VM_xyz"
                      }
                    },
                    "windowSize": {
                      "type": "string",
                      "defaultValue": "PT5M",
                      "allowedValues": [
                        "PT1M",
                        "PT5M",
                        "PT15M",
                        "PT30M",
                        "PT1H"
                      ],
                      "metadata": {
                        "description": "Period of time used to monitor alert activity based on the threshold. Must be between five minutes and one hour. ISO 8601 duration format."
                      }
                    },
                    "evaluationFrequency": {
                      "type": "string",
                      "defaultValue": "PT5M",
                      "allowedValues": [
                        "PT1M",
                        "PT5M",
                        "PT15M",
                        "PT30M",
                        "PT1H"
                      ],
                      "metadata": {
                        "description": "how often the metric alert is evaluated represented in ISO 8601 duration format"
                      }
                    },
                    "autoMitigate": {
                      "type": "bool",
                      "defaultValue": true,
                      "metadata": {
                        "description": "the flag that indicates whether the alert should be auto resolved or not. The default is true."
                      }
                    },
                    "actionGroupId": {
                      "type": "string",
                      "metadata": {
                        "description": "action group id"
                      }
                    },
                    "metricName": {
                      "type": "string"
                    },
                    "timeAggregation": {
                      "type": "string"
                    },
                    "operator": {
                      "type": "string"
                    },
                    "targetResourceType": {
                      "type": "string"
                    },
                    "threshold": {
                      "type": "int"
                    }
                  },
                  "resources": [
                    {
                      "type": "Microsoft.Insights/metricAlerts",
                      "apiVersion": "2018-03-01",
                      "name": "[parameters('alName')]",
                      "location": "global",
                      "properties": {
                        "criteria": {
                          "odata.type": "Microsoft.Azure.Monitor.SingleResourceMultipleMetricCriteria",
                          "allOf": [
                            {
                              "metricName": "[parameters('metricName')]",
                              "name": "1st criterion",
                              "criterionType": "StaticThresholdCriterion",
                              "timeAggregation": "[parameters('timeAggregation')]",
                              "operator": "[parameters('operator')]",
                              "threshold": "[parameters('threshold')]",
                              "dimensions": []
                            }
                          ]
                        },
                        "targetResourceType": "[parameters('targetResourceType')]",
                        "enabled": "[parameters('isEnabled')]",
                        "evaluationFrequency": "[parameters('evaluationFrequency')]",
                        "scopes": [
                          "[parameters('resourceId')]"
                        ],
                        "severity": "[parameters('alertSeverity')]",
                        "windowSize": "[parameters('windowSize')]",
                        "autoMitigate": "[parameters('autoMitigate')]",
                        "targetResourceRegion": "[parameters('location')]",
                        "actions": [
                          {
                            "actionGroupId": "[parameters('actionGroupId')]"
                          }
                        ]
                      }
                    }
                  ]
                }
              },
              "dependsOn": [
                "[resourceId('Microsoft.Resources/deployments', 'deploy_const')]"
              ]
            },
            {
              "type": "Microsoft.Resources/deployments",
              "apiVersion": "2022-09-01",
              "name": "deploy_alert_pln_cpu",
              "properties": {
                "expressionEvaluationOptions": {
                  "scope": "inner"
                },
                "mode": "Incremental",
                "parameters": {
                  "location": {
                    "value": "[parameters('location')]"
                  },
                  "appName": {
                    "value": "[format('{0} CPU 90 Over', reference(resourceId('Microsoft.Resources/deployments', 'deploy_const'), '2022-09-01').outputs.sppplan.value)]"
                  },
                  "resourceId": {
                    "value": "[extensionResourceId(format('/subscriptions/{0}/resourceGroups/{1}', subscription().subscriptionId, reference(resourceId('Microsoft.Resources/deployments', 'deploy_const'), '2022-09-01').outputs.rggroup.value), 'Microsoft.Web/serverfarms', reference(resourceId('Microsoft.Resources/deployments', 'deploy_const'), '2022-09-01').outputs.sppplan.value)]"
                  },
                  "targetResourceType": {
                    "value": "Microsoft.Web/serverfarms"
                  },
                  "actionGroupId": {
                    "value": "[extensionResourceId(format('/subscriptions/{0}/resourceGroups/{1}', subscription().subscriptionId, reference(resourceId('Microsoft.Resources/deployments', 'deploy_const'), '2022-09-01').outputs.rggroupag.value), 'Microsoft.Insights/actionGroups', reference(resourceId('Microsoft.Resources/deployments', 'deploy_const'), '2022-09-01').outputs.agemailgp.value)]"
                  },
                  "metricName": {
                    "value": "CpuPercentage"
                  },
                  "timeAggregation": {
                    "value": "Average"
                  },
                  "operator": {
                    "value": "GreaterThan"
                  },
                  "threshold": {
                    "value": 90
                  }
                },
                "template": {
                  "$schema": "https://schema.management.azure.com/schemas/2019-04-01/deploymentTemplate.json#",
                  "contentVersion": "1.0.0.0",
                  "metadata": {
                    "_generator": {
                      "name": "bicep",
                      "version": "0.21.1.54444",
                      "templateHash": "12896999622102751166"
                    }
                  },
                  "parameters": {
                    "location": {
                      "type": "string",
                      "metadata": {
                        "description": "Location for all resources."
                      }
                    },
                    "appName": {
                      "type": "string",
                      "metadata": {
                        "description": "System code"
                      }
                    },
                    "alName": {
                      "type": "string",
                      "defaultValue": "[parameters('appName')]",
                      "metadata": {
                        "description": "Name of alert rule"
                      }
                    },
                    "alertSeverity": {
                      "type": "int",
                      "defaultValue": 1,
                      "allowedValues": [
                        0,
                        1,
                        2,
                        3,
                        4
                      ],
                      "metadata": {
                        "description": "Severity of alert {0,1,2,3,4}"
                      }
                    },
                    "isEnabled": {
                      "type": "bool",
                      "defaultValue": true,
                      "metadata": {
                        "description": "Specifies whether the alert is enabled"
                      }
                    },
                    "resourceId": {
                      "type": "string",
                      "minLength": 1,
                      "metadata": {
                        "description": "Full Resource ID of the resource emitting the metric that will be used for the comparison. For example /subscriptions/00000000-0000-0000-0000-0000-00000000/resourceGroups/ResourceGroupName/providers/Microsoft.compute/virtualMachines/VM_xyz"
                      }
                    },
                    "windowSize": {
                      "type": "string",
                      "defaultValue": "PT5M",
                      "allowedValues": [
                        "PT1M",
                        "PT5M",
                        "PT15M",
                        "PT30M",
                        "PT1H"
                      ],
                      "metadata": {
                        "description": "Period of time used to monitor alert activity based on the threshold. Must be between five minutes and one hour. ISO 8601 duration format."
                      }
                    },
                    "evaluationFrequency": {
                      "type": "string",
                      "defaultValue": "PT5M",
                      "allowedValues": [
                        "PT1M",
                        "PT5M",
                        "PT15M",
                        "PT30M",
                        "PT1H"
                      ],
                      "metadata": {
                        "description": "how often the metric alert is evaluated represented in ISO 8601 duration format"
                      }
                    },
                    "autoMitigate": {
                      "type": "bool",
                      "defaultValue": true,
                      "metadata": {
                        "description": "the flag that indicates whether the alert should be auto resolved or not. The default is true."
                      }
                    },
                    "actionGroupId": {
                      "type": "string",
                      "metadata": {
                        "description": "action group id"
                      }
                    },
                    "metricName": {
                      "type": "string"
                    },
                    "timeAggregation": {
                      "type": "string"
                    },
                    "operator": {
                      "type": "string"
                    },
                    "targetResourceType": {
                      "type": "string"
                    },
                    "threshold": {
                      "type": "int"
                    }
                  },
                  "resources": [
                    {
                      "type": "Microsoft.Insights/metricAlerts",
                      "apiVersion": "2018-03-01",
                      "name": "[parameters('alName')]",
                      "location": "global",
                      "properties": {
                        "criteria": {
                          "odata.type": "Microsoft.Azure.Monitor.SingleResourceMultipleMetricCriteria",
                          "allOf": [
                            {
                              "metricName": "[parameters('metricName')]",
                              "name": "1st criterion",
                              "criterionType": "StaticThresholdCriterion",
                              "timeAggregation": "[parameters('timeAggregation')]",
                              "operator": "[parameters('operator')]",
                              "threshold": "[parameters('threshold')]",
                              "dimensions": []
                            }
                          ]
                        },
                        "targetResourceType": "[parameters('targetResourceType')]",
                        "enabled": "[parameters('isEnabled')]",
                        "evaluationFrequency": "[parameters('evaluationFrequency')]",
                        "scopes": [
                          "[parameters('resourceId')]"
                        ],
                        "severity": "[parameters('alertSeverity')]",
                        "windowSize": "[parameters('windowSize')]",
                        "autoMitigate": "[parameters('autoMitigate')]",
                        "targetResourceRegion": "[parameters('location')]",
                        "actions": [
                          {
                            "actionGroupId": "[parameters('actionGroupId')]"
                          }
                        ]
                      }
                    }
                  ]
                }
              },
              "dependsOn": [
                "[resourceId('Microsoft.Resources/deployments', 'deploy_alert_pln_mem')]",
                "[resourceId('Microsoft.Resources/deployments', 'deploy_const')]"
              ]
            }
          ]
        }
      },
      "dependsOn": [
        "[resourceId('Microsoft.Resources/deployments', 'deploy-app-monitor')]"
      ]
    },
    {
      "type": "Microsoft.Resources/deployments",
      "apiVersion": "2022-09-01",
      "name": "deploy-database-monitor",
      "properties": {
        "expressionEvaluationOptions": {
          "scope": "inner"
        },
        "mode": "Incremental",
        "template": {
          "$schema": "https://schema.management.azure.com/schemas/2019-04-01/deploymentTemplate.json#",
          "contentVersion": "1.0.0.0",
          "metadata": {
            "_generator": {
              "name": "bicep",
              "version": "0.21.1.54444",
              "templateHash": "196610925066391558"
            }
          },
          "parameters": {
            "location": {
              "type": "string",
              "defaultValue": "[resourceGroup().location]",
              "metadata": {
                "description": "Location for all resources."
              }
            }
          },
          "resources": [
            {
              "type": "Microsoft.Resources/deployments",
              "apiVersion": "2022-09-01",
              "name": "deploy_const",
              "properties": {
                "expressionEvaluationOptions": {
                  "scope": "inner"
                },
                "mode": "Incremental",
                "template": {
                  "$schema": "https://schema.management.azure.com/schemas/2019-04-01/deploymentTemplate.json#",
                  "contentVersion": "1.0.0.0",
                  "metadata": {
                    "_generator": {
                      "name": "bicep",
                      "version": "0.21.1.54444",
                      "templateHash": "7408531249123174432"
                    }
                  },
                  "resources": [],
                  "outputs": {
                    "rggroup": {
                      "type": "string",
                      "value": "test-bicep-rg2"
                    },
                    "rggroupag": {
                      "type": "string",
                      "value": "free-rg"
                    },
                    "agemailgp": {
                      "type": "string",
                      "value": "AG-EMAIL-GP"
                    },
                    "sppplan": {
                      "type": "string",
                      "value": "dev-bicep-pl01"
                    },
                    "appservice": {
                      "type": "string",
                      "value": "dev-bicep-app01"
                    },
                    "func": {
                      "type": "string",
                      "value": ""
                    },
                    "sqlserver": {
                      "type": "string",
                      "value": "dev-bicep-db"
                    },
                    "sqldatabase": {
                      "type": "string",
                      "value": "dev-bicep-db-database"
                    },
                    "keyvault": {
                      "type": "string",
                      "value": "Vault20230726"
                    },
                    "actgp": {
                      "type": "string",
                      "value": "SMSAlert"
                    },
                    "emailAddress": {
                      "type": "string",
                      "value": "majestic29s@gmail.com"
                    }
                  }
                }
              }
            },
            {
              "type": "Microsoft.Resources/deployments",
              "apiVersion": "2022-09-01",
              "name": "deploy_alert_db_cpu",
              "properties": {
                "expressionEvaluationOptions": {
                  "scope": "inner"
                },
                "mode": "Incremental",
                "parameters": {
                  "location": {
                    "value": "[parameters('location')]"
                  },
                  "appName": {
                    "value": "[format('{0} CPU 90 Over', reference(resourceId('Microsoft.Resources/deployments', 'deploy_const'), '2022-09-01').outputs.sqldatabase.value)]"
                  },
                  "resourceId": {
                    "value": "[extensionResourceId(format('/subscriptions/{0}/resourceGroups/{1}', subscription().subscriptionId, reference(resourceId('Microsoft.Resources/deployments', 'deploy_const'), '2022-09-01').outputs.rggroup.value), 'Microsoft.Sql/servers/databases', reference(resourceId('Microsoft.Resources/deployments', 'deploy_const'), '2022-09-01').outputs.sqlserver.value, reference(resourceId('Microsoft.Resources/deployments', 'deploy_const'), '2022-09-01').outputs.sqldatabase.value)]"
                  },
                  "targetResourceType": {
                    "value": "Microsoft.Sql/servers/databases"
                  },
                  "actionGroupId": {
                    "value": "[extensionResourceId(format('/subscriptions/{0}/resourceGroups/{1}', subscription().subscriptionId, reference(resourceId('Microsoft.Resources/deployments', 'deploy_const'), '2022-09-01').outputs.rggroupag.value), 'Microsoft.Insights/actionGroups', reference(resourceId('Microsoft.Resources/deployments', 'deploy_const'), '2022-09-01').outputs.agemailgp.value)]"
                  },
                  "metricName": {
                    "value": "sql_instance_cpu_percent"
                  },
                  "timeAggregation": {
                    "value": "Average"
                  },
                  "operator": {
                    "value": "GreaterThan"
                  },
                  "threshold": {
                    "value": 90
                  }
                },
                "template": {
                  "$schema": "https://schema.management.azure.com/schemas/2019-04-01/deploymentTemplate.json#",
                  "contentVersion": "1.0.0.0",
                  "metadata": {
                    "_generator": {
                      "name": "bicep",
                      "version": "0.21.1.54444",
                      "templateHash": "12896999622102751166"
                    }
                  },
                  "parameters": {
                    "location": {
                      "type": "string",
                      "metadata": {
                        "description": "Location for all resources."
                      }
                    },
                    "appName": {
                      "type": "string",
                      "metadata": {
                        "description": "System code"
                      }
                    },
                    "alName": {
                      "type": "string",
                      "defaultValue": "[parameters('appName')]",
                      "metadata": {
                        "description": "Name of alert rule"
                      }
                    },
                    "alertSeverity": {
                      "type": "int",
                      "defaultValue": 1,
                      "allowedValues": [
                        0,
                        1,
                        2,
                        3,
                        4
                      ],
                      "metadata": {
                        "description": "Severity of alert {0,1,2,3,4}"
                      }
                    },
                    "isEnabled": {
                      "type": "bool",
                      "defaultValue": true,
                      "metadata": {
                        "description": "Specifies whether the alert is enabled"
                      }
                    },
                    "resourceId": {
                      "type": "string",
                      "minLength": 1,
                      "metadata": {
                        "description": "Full Resource ID of the resource emitting the metric that will be used for the comparison. For example /subscriptions/00000000-0000-0000-0000-0000-00000000/resourceGroups/ResourceGroupName/providers/Microsoft.compute/virtualMachines/VM_xyz"
                      }
                    },
                    "windowSize": {
                      "type": "string",
                      "defaultValue": "PT5M",
                      "allowedValues": [
                        "PT1M",
                        "PT5M",
                        "PT15M",
                        "PT30M",
                        "PT1H"
                      ],
                      "metadata": {
                        "description": "Period of time used to monitor alert activity based on the threshold. Must be between five minutes and one hour. ISO 8601 duration format."
                      }
                    },
                    "evaluationFrequency": {
                      "type": "string",
                      "defaultValue": "PT5M",
                      "allowedValues": [
                        "PT1M",
                        "PT5M",
                        "PT15M",
                        "PT30M",
                        "PT1H"
                      ],
                      "metadata": {
                        "description": "how often the metric alert is evaluated represented in ISO 8601 duration format"
                      }
                    },
                    "autoMitigate": {
                      "type": "bool",
                      "defaultValue": true,
                      "metadata": {
                        "description": "the flag that indicates whether the alert should be auto resolved or not. The default is true."
                      }
                    },
                    "actionGroupId": {
                      "type": "string",
                      "metadata": {
                        "description": "action group id"
                      }
                    },
                    "metricName": {
                      "type": "string"
                    },
                    "timeAggregation": {
                      "type": "string"
                    },
                    "operator": {
                      "type": "string"
                    },
                    "targetResourceType": {
                      "type": "string"
                    },
                    "threshold": {
                      "type": "int"
                    }
                  },
                  "resources": [
                    {
                      "type": "Microsoft.Insights/metricAlerts",
                      "apiVersion": "2018-03-01",
                      "name": "[parameters('alName')]",
                      "location": "global",
                      "properties": {
                        "criteria": {
                          "odata.type": "Microsoft.Azure.Monitor.SingleResourceMultipleMetricCriteria",
                          "allOf": [
                            {
                              "metricName": "[parameters('metricName')]",
                              "name": "1st criterion",
                              "criterionType": "StaticThresholdCriterion",
                              "timeAggregation": "[parameters('timeAggregation')]",
                              "operator": "[parameters('operator')]",
                              "threshold": "[parameters('threshold')]",
                              "dimensions": []
                            }
                          ]
                        },
                        "targetResourceType": "[parameters('targetResourceType')]",
                        "enabled": "[parameters('isEnabled')]",
                        "evaluationFrequency": "[parameters('evaluationFrequency')]",
                        "scopes": [
                          "[parameters('resourceId')]"
                        ],
                        "severity": "[parameters('alertSeverity')]",
                        "windowSize": "[parameters('windowSize')]",
                        "autoMitigate": "[parameters('autoMitigate')]",
                        "targetResourceRegion": "[parameters('location')]",
                        "actions": [
                          {
                            "actionGroupId": "[parameters('actionGroupId')]"
                          }
                        ]
                      }
                    }
                  ]
                }
              },
              "dependsOn": [
                "[resourceId('Microsoft.Resources/deployments', 'deploy_const')]"
              ]
            },
            {
              "type": "Microsoft.Resources/deployments",
              "apiVersion": "2022-09-01",
              "name": "deploy_alert_db_mem",
              "properties": {
                "expressionEvaluationOptions": {
                  "scope": "inner"
                },
                "mode": "Incremental",
                "parameters": {
                  "location": {
                    "value": "[parameters('location')]"
                  },
                  "appName": {
                    "value": "[format('{0} Memory 90 Over', reference(resourceId('Microsoft.Resources/deployments', 'deploy_const'), '2022-09-01').outputs.sqldatabase.value)]"
                  },
                  "resourceId": {
                    "value": "[extensionResourceId(format('/subscriptions/{0}/resourceGroups/{1}', subscription().subscriptionId, reference(resourceId('Microsoft.Resources/deployments', 'deploy_const'), '2022-09-01').outputs.rggroup.value), 'Microsoft.Sql/servers/databases', reference(resourceId('Microsoft.Resources/deployments', 'deploy_const'), '2022-09-01').outputs.sqlserver.value, reference(resourceId('Microsoft.Resources/deployments', 'deploy_const'), '2022-09-01').outputs.sqldatabase.value)]"
                  },
                  "targetResourceType": {
                    "value": "Microsoft.Sql/servers/databases"
                  },
                  "actionGroupId": {
                    "value": "[extensionResourceId(format('/subscriptions/{0}/resourceGroups/{1}', subscription().subscriptionId, reference(resourceId('Microsoft.Resources/deployments', 'deploy_const'), '2022-09-01').outputs.rggroupag.value), 'Microsoft.Insights/actionGroups', reference(resourceId('Microsoft.Resources/deployments', 'deploy_const'), '2022-09-01').outputs.agemailgp.value)]"
                  },
                  "metricName": {
                    "value": "sql_instance_memory_percent"
                  },
                  "timeAggregation": {
                    "value": "Average"
                  },
                  "operator": {
                    "value": "GreaterThan"
                  },
                  "threshold": {
                    "value": 90
                  }
                },
                "template": {
                  "$schema": "https://schema.management.azure.com/schemas/2019-04-01/deploymentTemplate.json#",
                  "contentVersion": "1.0.0.0",
                  "metadata": {
                    "_generator": {
                      "name": "bicep",
                      "version": "0.21.1.54444",
                      "templateHash": "12896999622102751166"
                    }
                  },
                  "parameters": {
                    "location": {
                      "type": "string",
                      "metadata": {
                        "description": "Location for all resources."
                      }
                    },
                    "appName": {
                      "type": "string",
                      "metadata": {
                        "description": "System code"
                      }
                    },
                    "alName": {
                      "type": "string",
                      "defaultValue": "[parameters('appName')]",
                      "metadata": {
                        "description": "Name of alert rule"
                      }
                    },
                    "alertSeverity": {
                      "type": "int",
                      "defaultValue": 1,
                      "allowedValues": [
                        0,
                        1,
                        2,
                        3,
                        4
                      ],
                      "metadata": {
                        "description": "Severity of alert {0,1,2,3,4}"
                      }
                    },
                    "isEnabled": {
                      "type": "bool",
                      "defaultValue": true,
                      "metadata": {
                        "description": "Specifies whether the alert is enabled"
                      }
                    },
                    "resourceId": {
                      "type": "string",
                      "minLength": 1,
                      "metadata": {
                        "description": "Full Resource ID of the resource emitting the metric that will be used for the comparison. For example /subscriptions/00000000-0000-0000-0000-0000-00000000/resourceGroups/ResourceGroupName/providers/Microsoft.compute/virtualMachines/VM_xyz"
                      }
                    },
                    "windowSize": {
                      "type": "string",
                      "defaultValue": "PT5M",
                      "allowedValues": [
                        "PT1M",
                        "PT5M",
                        "PT15M",
                        "PT30M",
                        "PT1H"
                      ],
                      "metadata": {
                        "description": "Period of time used to monitor alert activity based on the threshold. Must be between five minutes and one hour. ISO 8601 duration format."
                      }
                    },
                    "evaluationFrequency": {
                      "type": "string",
                      "defaultValue": "PT5M",
                      "allowedValues": [
                        "PT1M",
                        "PT5M",
                        "PT15M",
                        "PT30M",
                        "PT1H"
                      ],
                      "metadata": {
                        "description": "how often the metric alert is evaluated represented in ISO 8601 duration format"
                      }
                    },
                    "autoMitigate": {
                      "type": "bool",
                      "defaultValue": true,
                      "metadata": {
                        "description": "the flag that indicates whether the alert should be auto resolved or not. The default is true."
                      }
                    },
                    "actionGroupId": {
                      "type": "string",
                      "metadata": {
                        "description": "action group id"
                      }
                    },
                    "metricName": {
                      "type": "string"
                    },
                    "timeAggregation": {
                      "type": "string"
                    },
                    "operator": {
                      "type": "string"
                    },
                    "targetResourceType": {
                      "type": "string"
                    },
                    "threshold": {
                      "type": "int"
                    }
                  },
                  "resources": [
                    {
                      "type": "Microsoft.Insights/metricAlerts",
                      "apiVersion": "2018-03-01",
                      "name": "[parameters('alName')]",
                      "location": "global",
                      "properties": {
                        "criteria": {
                          "odata.type": "Microsoft.Azure.Monitor.SingleResourceMultipleMetricCriteria",
                          "allOf": [
                            {
                              "metricName": "[parameters('metricName')]",
                              "name": "1st criterion",
                              "criterionType": "StaticThresholdCriterion",
                              "timeAggregation": "[parameters('timeAggregation')]",
                              "operator": "[parameters('operator')]",
                              "threshold": "[parameters('threshold')]",
                              "dimensions": []
                            }
                          ]
                        },
                        "targetResourceType": "[parameters('targetResourceType')]",
                        "enabled": "[parameters('isEnabled')]",
                        "evaluationFrequency": "[parameters('evaluationFrequency')]",
                        "scopes": [
                          "[parameters('resourceId')]"
                        ],
                        "severity": "[parameters('alertSeverity')]",
                        "windowSize": "[parameters('windowSize')]",
                        "autoMitigate": "[parameters('autoMitigate')]",
                        "targetResourceRegion": "[parameters('location')]",
                        "actions": [
                          {
                            "actionGroupId": "[parameters('actionGroupId')]"
                          }
                        ]
                      }
                    }
                  ]
                }
              },
              "dependsOn": [
                "[resourceId('Microsoft.Resources/deployments', 'deploy_alert_db_cpu')]",
                "[resourceId('Microsoft.Resources/deployments', 'deploy_const')]"
              ]
            },
            {
              "type": "Microsoft.Resources/deployments",
              "apiVersion": "2022-09-01",
              "name": "deploy_alert_db_sp",
              "properties": {
                "expressionEvaluationOptions": {
                  "scope": "inner"
                },
                "mode": "Incremental",
                "parameters": {
                  "location": {
                    "value": "[parameters('location')]"
                  },
                  "appName": {
                    "value": "[format('{0} Disk SPace 90 Over', reference(resourceId('Microsoft.Resources/deployments', 'deploy_const'), '2022-09-01').outputs.sqldatabase.value)]"
                  },
                  "resourceId": {
                    "value": "[extensionResourceId(format('/subscriptions/{0}/resourceGroups/{1}', subscription().subscriptionId, reference(resourceId('Microsoft.Resources/deployments', 'deploy_const'), '2022-09-01').outputs.rggroup.value), 'Microsoft.Sql/servers/databases', reference(resourceId('Microsoft.Resources/deployments', 'deploy_const'), '2022-09-01').outputs.sqlserver.value, reference(resourceId('Microsoft.Resources/deployments', 'deploy_const'), '2022-09-01').outputs.sqldatabase.value)]"
                  },
                  "targetResourceType": {
                    "value": "Microsoft.Sql/servers/databases"
                  },
                  "actionGroupId": {
                    "value": "[extensionResourceId(format('/subscriptions/{0}/resourceGroups/{1}', subscription().subscriptionId, reference(resourceId('Microsoft.Resources/deployments', 'deploy_const'), '2022-09-01').outputs.rggroupag.value), 'Microsoft.Insights/actionGroups', reference(resourceId('Microsoft.Resources/deployments', 'deploy_const'), '2022-09-01').outputs.agemailgp.value)]"
                  },
                  "metricName": {
                    "value": "storage_percent"
                  },
                  "timeAggregation": {
                    "value": "Average"
                  },
                  "operator": {
                    "value": "GreaterThan"
                  },
                  "threshold": {
                    "value": 90
                  }
                },
                "template": {
                  "$schema": "https://schema.management.azure.com/schemas/2019-04-01/deploymentTemplate.json#",
                  "contentVersion": "1.0.0.0",
                  "metadata": {
                    "_generator": {
                      "name": "bicep",
                      "version": "0.21.1.54444",
                      "templateHash": "12896999622102751166"
                    }
                  },
                  "parameters": {
                    "location": {
                      "type": "string",
                      "metadata": {
                        "description": "Location for all resources."
                      }
                    },
                    "appName": {
                      "type": "string",
                      "metadata": {
                        "description": "System code"
                      }
                    },
                    "alName": {
                      "type": "string",
                      "defaultValue": "[parameters('appName')]",
                      "metadata": {
                        "description": "Name of alert rule"
                      }
                    },
                    "alertSeverity": {
                      "type": "int",
                      "defaultValue": 1,
                      "allowedValues": [
                        0,
                        1,
                        2,
                        3,
                        4
                      ],
                      "metadata": {
                        "description": "Severity of alert {0,1,2,3,4}"
                      }
                    },
                    "isEnabled": {
                      "type": "bool",
                      "defaultValue": true,
                      "metadata": {
                        "description": "Specifies whether the alert is enabled"
                      }
                    },
                    "resourceId": {
                      "type": "string",
                      "minLength": 1,
                      "metadata": {
                        "description": "Full Resource ID of the resource emitting the metric that will be used for the comparison. For example /subscriptions/00000000-0000-0000-0000-0000-00000000/resourceGroups/ResourceGroupName/providers/Microsoft.compute/virtualMachines/VM_xyz"
                      }
                    },
                    "windowSize": {
                      "type": "string",
                      "defaultValue": "PT5M",
                      "allowedValues": [
                        "PT1M",
                        "PT5M",
                        "PT15M",
                        "PT30M",
                        "PT1H"
                      ],
                      "metadata": {
                        "description": "Period of time used to monitor alert activity based on the threshold. Must be between five minutes and one hour. ISO 8601 duration format."
                      }
                    },
                    "evaluationFrequency": {
                      "type": "string",
                      "defaultValue": "PT5M",
                      "allowedValues": [
                        "PT1M",
                        "PT5M",
                        "PT15M",
                        "PT30M",
                        "PT1H"
                      ],
                      "metadata": {
                        "description": "how often the metric alert is evaluated represented in ISO 8601 duration format"
                      }
                    },
                    "autoMitigate": {
                      "type": "bool",
                      "defaultValue": true,
                      "metadata": {
                        "description": "the flag that indicates whether the alert should be auto resolved or not. The default is true."
                      }
                    },
                    "actionGroupId": {
                      "type": "string",
                      "metadata": {
                        "description": "action group id"
                      }
                    },
                    "metricName": {
                      "type": "string"
                    },
                    "timeAggregation": {
                      "type": "string"
                    },
                    "operator": {
                      "type": "string"
                    },
                    "targetResourceType": {
                      "type": "string"
                    },
                    "threshold": {
                      "type": "int"
                    }
                  },
                  "resources": [
                    {
                      "type": "Microsoft.Insights/metricAlerts",
                      "apiVersion": "2018-03-01",
                      "name": "[parameters('alName')]",
                      "location": "global",
                      "properties": {
                        "criteria": {
                          "odata.type": "Microsoft.Azure.Monitor.SingleResourceMultipleMetricCriteria",
                          "allOf": [
                            {
                              "metricName": "[parameters('metricName')]",
                              "name": "1st criterion",
                              "criterionType": "StaticThresholdCriterion",
                              "timeAggregation": "[parameters('timeAggregation')]",
                              "operator": "[parameters('operator')]",
                              "threshold": "[parameters('threshold')]",
                              "dimensions": []
                            }
                          ]
                        },
                        "targetResourceType": "[parameters('targetResourceType')]",
                        "enabled": "[parameters('isEnabled')]",
                        "evaluationFrequency": "[parameters('evaluationFrequency')]",
                        "scopes": [
                          "[parameters('resourceId')]"
                        ],
                        "severity": "[parameters('alertSeverity')]",
                        "windowSize": "[parameters('windowSize')]",
                        "autoMitigate": "[parameters('autoMitigate')]",
                        "targetResourceRegion": "[parameters('location')]",
                        "actions": [
                          {
                            "actionGroupId": "[parameters('actionGroupId')]"
                          }
                        ]
                      }
                    }
                  ]
                }
              },
              "dependsOn": [
                "[resourceId('Microsoft.Resources/deployments', 'deploy_alert_db_mem')]",
                "[resourceId('Microsoft.Resources/deployments', 'deploy_const')]"
              ]
            },
            {
              "type": "Microsoft.Resources/deployments",
              "apiVersion": "2022-09-01",
              "name": "deploy_alert_db_dl",
              "properties": {
                "expressionEvaluationOptions": {
                  "scope": "inner"
                },
                "mode": "Incremental",
                "parameters": {
                  "location": {
                    "value": "[parameters('location')]"
                  },
                  "appName": {
                    "value": "[format('{0} deadlock', reference(resourceId('Microsoft.Resources/deployments', 'deploy_const'), '2022-09-01').outputs.sqldatabase.value)]"
                  },
                  "resourceId": {
                    "value": "[extensionResourceId(format('/subscriptions/{0}/resourceGroups/{1}', subscription().subscriptionId, reference(resourceId('Microsoft.Resources/deployments', 'deploy_const'), '2022-09-01').outputs.rggroup.value), 'Microsoft.Sql/servers/databases', reference(resourceId('Microsoft.Resources/deployments', 'deploy_const'), '2022-09-01').outputs.sqlserver.value, reference(resourceId('Microsoft.Resources/deployments', 'deploy_const'), '2022-09-01').outputs.sqldatabase.value)]"
                  },
                  "targetResourceType": {
                    "value": "Microsoft.Sql/servers/databases"
                  },
                  "actionGroupId": {
                    "value": "[extensionResourceId(format('/subscriptions/{0}/resourceGroups/{1}', subscription().subscriptionId, reference(resourceId('Microsoft.Resources/deployments', 'deploy_const'), '2022-09-01').outputs.rggroupag.value), 'Microsoft.Insights/actionGroups', reference(resourceId('Microsoft.Resources/deployments', 'deploy_const'), '2022-09-01').outputs.agemailgp.value)]"
                  },
                  "metricName": {
                    "value": "deadlock"
                  },
                  "timeAggregation": {
                    "value": "Count"
                  },
                  "operator": {
                    "value": "GreaterThan"
                  },
                  "threshold": {
                    "value": 0
                  }
                },
                "template": {
                  "$schema": "https://schema.management.azure.com/schemas/2019-04-01/deploymentTemplate.json#",
                  "contentVersion": "1.0.0.0",
                  "metadata": {
                    "_generator": {
                      "name": "bicep",
                      "version": "0.21.1.54444",
                      "templateHash": "12896999622102751166"
                    }
                  },
                  "parameters": {
                    "location": {
                      "type": "string",
                      "metadata": {
                        "description": "Location for all resources."
                      }
                    },
                    "appName": {
                      "type": "string",
                      "metadata": {
                        "description": "System code"
                      }
                    },
                    "alName": {
                      "type": "string",
                      "defaultValue": "[parameters('appName')]",
                      "metadata": {
                        "description": "Name of alert rule"
                      }
                    },
                    "alertSeverity": {
                      "type": "int",
                      "defaultValue": 1,
                      "allowedValues": [
                        0,
                        1,
                        2,
                        3,
                        4
                      ],
                      "metadata": {
                        "description": "Severity of alert {0,1,2,3,4}"
                      }
                    },
                    "isEnabled": {
                      "type": "bool",
                      "defaultValue": true,
                      "metadata": {
                        "description": "Specifies whether the alert is enabled"
                      }
                    },
                    "resourceId": {
                      "type": "string",
                      "minLength": 1,
                      "metadata": {
                        "description": "Full Resource ID of the resource emitting the metric that will be used for the comparison. For example /subscriptions/00000000-0000-0000-0000-0000-00000000/resourceGroups/ResourceGroupName/providers/Microsoft.compute/virtualMachines/VM_xyz"
                      }
                    },
                    "windowSize": {
                      "type": "string",
                      "defaultValue": "PT5M",
                      "allowedValues": [
                        "PT1M",
                        "PT5M",
                        "PT15M",
                        "PT30M",
                        "PT1H"
                      ],
                      "metadata": {
                        "description": "Period of time used to monitor alert activity based on the threshold. Must be between five minutes and one hour. ISO 8601 duration format."
                      }
                    },
                    "evaluationFrequency": {
                      "type": "string",
                      "defaultValue": "PT5M",
                      "allowedValues": [
                        "PT1M",
                        "PT5M",
                        "PT15M",
                        "PT30M",
                        "PT1H"
                      ],
                      "metadata": {
                        "description": "how often the metric alert is evaluated represented in ISO 8601 duration format"
                      }
                    },
                    "autoMitigate": {
                      "type": "bool",
                      "defaultValue": true,
                      "metadata": {
                        "description": "the flag that indicates whether the alert should be auto resolved or not. The default is true."
                      }
                    },
                    "actionGroupId": {
                      "type": "string",
                      "metadata": {
                        "description": "action group id"
                      }
                    },
                    "metricName": {
                      "type": "string"
                    },
                    "timeAggregation": {
                      "type": "string"
                    },
                    "operator": {
                      "type": "string"
                    },
                    "targetResourceType": {
                      "type": "string"
                    },
                    "threshold": {
                      "type": "int"
                    }
                  },
                  "resources": [
                    {
                      "type": "Microsoft.Insights/metricAlerts",
                      "apiVersion": "2018-03-01",
                      "name": "[parameters('alName')]",
                      "location": "global",
                      "properties": {
                        "criteria": {
                          "odata.type": "Microsoft.Azure.Monitor.SingleResourceMultipleMetricCriteria",
                          "allOf": [
                            {
                              "metricName": "[parameters('metricName')]",
                              "name": "1st criterion",
                              "criterionType": "StaticThresholdCriterion",
                              "timeAggregation": "[parameters('timeAggregation')]",
                              "operator": "[parameters('operator')]",
                              "threshold": "[parameters('threshold')]",
                              "dimensions": []
                            }
                          ]
                        },
                        "targetResourceType": "[parameters('targetResourceType')]",
                        "enabled": "[parameters('isEnabled')]",
                        "evaluationFrequency": "[parameters('evaluationFrequency')]",
                        "scopes": [
                          "[parameters('resourceId')]"
                        ],
                        "severity": "[parameters('alertSeverity')]",
                        "windowSize": "[parameters('windowSize')]",
                        "autoMitigate": "[parameters('autoMitigate')]",
                        "targetResourceRegion": "[parameters('location')]",
                        "actions": [
                          {
                            "actionGroupId": "[parameters('actionGroupId')]"
                          }
                        ]
                      }
                    }
                  ]
                }
              },
              "dependsOn": [
                "[resourceId('Microsoft.Resources/deployments', 'deploy_alert_db_sp')]",
                "[resourceId('Microsoft.Resources/deployments', 'deploy_const')]"
              ]
            }
          ]
        }
      },
      "dependsOn": [
        "[resourceId('Microsoft.Resources/deployments', 'deploy-app-plan-monitor')]"
      ]
    },
    {
      "type": "Microsoft.Resources/deployments",
      "apiVersion": "2022-09-01",
      "name": "deploy-KeyVault-monitor",
      "properties": {
        "expressionEvaluationOptions": {
          "scope": "inner"
        },
        "mode": "Incremental",
        "template": {
          "$schema": "https://schema.management.azure.com/schemas/2019-04-01/deploymentTemplate.json#",
          "contentVersion": "1.0.0.0",
          "metadata": {
            "_generator": {
              "name": "bicep",
              "version": "0.21.1.54444",
              "templateHash": "13405794157279182033"
            }
          },
          "parameters": {
            "location": {
              "type": "string",
              "defaultValue": "[resourceGroup().location]",
              "metadata": {
                "description": "引数"
              }
            }
          },
          "resources": [
            {
              "type": "Microsoft.Resources/deployments",
              "apiVersion": "2022-09-01",
              "name": "deploy_const",
              "properties": {
                "expressionEvaluationOptions": {
                  "scope": "inner"
                },
                "mode": "Incremental",
                "template": {
                  "$schema": "https://schema.management.azure.com/schemas/2019-04-01/deploymentTemplate.json#",
                  "contentVersion": "1.0.0.0",
                  "metadata": {
                    "_generator": {
                      "name": "bicep",
                      "version": "0.21.1.54444",
                      "templateHash": "7408531249123174432"
                    }
                  },
                  "resources": [],
                  "outputs": {
                    "rggroup": {
                      "type": "string",
                      "value": "test-bicep-rg2"
                    },
                    "rggroupag": {
                      "type": "string",
                      "value": "free-rg"
                    },
                    "agemailgp": {
                      "type": "string",
                      "value": "AG-EMAIL-GP"
                    },
                    "sppplan": {
                      "type": "string",
                      "value": "dev-bicep-pl01"
                    },
                    "appservice": {
                      "type": "string",
                      "value": "dev-bicep-app01"
                    },
                    "func": {
                      "type": "string",
                      "value": ""
                    },
                    "sqlserver": {
                      "type": "string",
                      "value": "dev-bicep-db"
                    },
                    "sqldatabase": {
                      "type": "string",
                      "value": "dev-bicep-db-database"
                    },
                    "keyvault": {
                      "type": "string",
                      "value": "Vault20230726"
                    },
                    "actgp": {
                      "type": "string",
                      "value": "SMSAlert"
                    },
                    "emailAddress": {
                      "type": "string",
                      "value": "majestic29s@gmail.com"
                    }
                  }
                }
              }
            },
            {
              "type": "Microsoft.Resources/deployments",
              "apiVersion": "2022-09-01",
              "name": "deploy_alert_pln_mem",
              "properties": {
                "expressionEvaluationOptions": {
                  "scope": "inner"
                },
                "mode": "Incremental",
                "parameters": {
                  "location": {
                    "value": "[parameters('location')]"
                  },
                  "appName": {
                    "value": "[format('{0} Availability lower', reference(resourceId('Microsoft.Resources/deployments', 'deploy_const'), '2022-09-01').outputs.keyvault.value)]"
                  },
                  "resourceId": {
                    "value": "[extensionResourceId(format('/subscriptions/{0}/resourceGroups/{1}', subscription().subscriptionId, reference(resourceId('Microsoft.Resources/deployments', 'deploy_const'), '2022-09-01').outputs.rggroup.value), 'Microsoft.KeyVault/vaults', reference(resourceId('Microsoft.Resources/deployments', 'deploy_const'), '2022-09-01').outputs.keyvault.value)]"
                  },
                  "targetResourceType": {
                    "value": "Microsoft.KeyVault/vaults"
                  },
                  "actionGroupId": {
                    "value": "[extensionResourceId(format('/subscriptions/{0}/resourceGroups/{1}', subscription().subscriptionId, reference(resourceId('Microsoft.Resources/deployments', 'deploy_const'), '2022-09-01').outputs.rggroupag.value), 'Microsoft.Insights/actionGroups', reference(resourceId('Microsoft.Resources/deployments', 'deploy_const'), '2022-09-01').outputs.agemailgp.value)]"
                  },
                  "metricName": {
                    "value": "Availability"
                  },
                  "timeAggregation": {
                    "value": "Average"
                  },
                  "operator": {
                    "value": "LessThan"
                  },
                  "threshold": {
                    "value": 100
                  }
                },
                "template": {
                  "$schema": "https://schema.management.azure.com/schemas/2019-04-01/deploymentTemplate.json#",
                  "contentVersion": "1.0.0.0",
                  "metadata": {
                    "_generator": {
                      "name": "bicep",
                      "version": "0.21.1.54444",
                      "templateHash": "12896999622102751166"
                    }
                  },
                  "parameters": {
                    "location": {
                      "type": "string",
                      "metadata": {
                        "description": "Location for all resources."
                      }
                    },
                    "appName": {
                      "type": "string",
                      "metadata": {
                        "description": "System code"
                      }
                    },
                    "alName": {
                      "type": "string",
                      "defaultValue": "[parameters('appName')]",
                      "metadata": {
                        "description": "Name of alert rule"
                      }
                    },
                    "alertSeverity": {
                      "type": "int",
                      "defaultValue": 1,
                      "allowedValues": [
                        0,
                        1,
                        2,
                        3,
                        4
                      ],
                      "metadata": {
                        "description": "Severity of alert {0,1,2,3,4}"
                      }
                    },
                    "isEnabled": {
                      "type": "bool",
                      "defaultValue": true,
                      "metadata": {
                        "description": "Specifies whether the alert is enabled"
                      }
                    },
                    "resourceId": {
                      "type": "string",
                      "minLength": 1,
                      "metadata": {
                        "description": "Full Resource ID of the resource emitting the metric that will be used for the comparison. For example /subscriptions/00000000-0000-0000-0000-0000-00000000/resourceGroups/ResourceGroupName/providers/Microsoft.compute/virtualMachines/VM_xyz"
                      }
                    },
                    "windowSize": {
                      "type": "string",
                      "defaultValue": "PT5M",
                      "allowedValues": [
                        "PT1M",
                        "PT5M",
                        "PT15M",
                        "PT30M",
                        "PT1H"
                      ],
                      "metadata": {
                        "description": "Period of time used to monitor alert activity based on the threshold. Must be between five minutes and one hour. ISO 8601 duration format."
                      }
                    },
                    "evaluationFrequency": {
                      "type": "string",
                      "defaultValue": "PT5M",
                      "allowedValues": [
                        "PT1M",
                        "PT5M",
                        "PT15M",
                        "PT30M",
                        "PT1H"
                      ],
                      "metadata": {
                        "description": "how often the metric alert is evaluated represented in ISO 8601 duration format"
                      }
                    },
                    "autoMitigate": {
                      "type": "bool",
                      "defaultValue": true,
                      "metadata": {
                        "description": "the flag that indicates whether the alert should be auto resolved or not. The default is true."
                      }
                    },
                    "actionGroupId": {
                      "type": "string",
                      "metadata": {
                        "description": "action group id"
                      }
                    },
                    "metricName": {
                      "type": "string"
                    },
                    "timeAggregation": {
                      "type": "string"
                    },
                    "operator": {
                      "type": "string"
                    },
                    "targetResourceType": {
                      "type": "string"
                    },
                    "threshold": {
                      "type": "int"
                    }
                  },
                  "resources": [
                    {
                      "type": "Microsoft.Insights/metricAlerts",
                      "apiVersion": "2018-03-01",
                      "name": "[parameters('alName')]",
                      "location": "global",
                      "properties": {
                        "criteria": {
                          "odata.type": "Microsoft.Azure.Monitor.SingleResourceMultipleMetricCriteria",
                          "allOf": [
                            {
                              "metricName": "[parameters('metricName')]",
                              "name": "1st criterion",
                              "criterionType": "StaticThresholdCriterion",
                              "timeAggregation": "[parameters('timeAggregation')]",
                              "operator": "[parameters('operator')]",
                              "threshold": "[parameters('threshold')]",
                              "dimensions": []
                            }
                          ]
                        },
                        "targetResourceType": "[parameters('targetResourceType')]",
                        "enabled": "[parameters('isEnabled')]",
                        "evaluationFrequency": "[parameters('evaluationFrequency')]",
                        "scopes": [
                          "[parameters('resourceId')]"
                        ],
                        "severity": "[parameters('alertSeverity')]",
                        "windowSize": "[parameters('windowSize')]",
                        "autoMitigate": "[parameters('autoMitigate')]",
                        "targetResourceRegion": "[parameters('location')]",
                        "actions": [
                          {
                            "actionGroupId": "[parameters('actionGroupId')]"
                          }
                        ]
                      }
                    }
                  ]
                }
              },
              "dependsOn": [
                "[resourceId('Microsoft.Resources/deployments', 'deploy_const')]"
              ]
            }
          ]
        }
      },
      "dependsOn": [
        "[resourceId('Microsoft.Resources/deployments', 'deploy-database-monitor')]"
      ]
    }
  ]
}