Date,Open,High,Low,Close,Volume,Value
2014-12-11 16:30:00,17240,17540,17170,17530,42593,738911590
2014-12-12 09:00:00,17280,17530,17270,17380,57217,995860010
2014-12-12 16:30:00,17350,17390,17140,17260,43715,755080810
2014-12-15 09:00:00,17030,17260,17020,17020,71818,1230244320
2014-12-15 16:30:00,16980,17130,16610,16800,53310,901902400
2014-12-16 09:00:00,16830,16890,16700,16730,71529,1199911220
2014-12-16 16:30:00,16770,16890,16440,16740,82404,1370132020
2014-12-17 09:00:00,16660,16890,16640,16810,66247,1112927060
2014-12-17 16:30:00,16840,17080,16810,17040,40094,678385100
2014-12-18 09:00:00,17200,17280,17160,17260,61830,1064239110
2014-12-18 16:30:00,17330,17590,17330,17530,40586,709082350
2014-12-19 09:00:00,17550,17670,17460,17670,50937,894345840
2014-12-19 16:30:00,17670,17750,17600,17680,31303,553441720
2014-12-22 09:00:00,17680,17690,17560,17600,30241,532779550
2014-12-23 16:30:00,17590,17740,17590,17730,12666,224031210
2014-12-24 09:00:00,17840,17880,17780,17790,28458,507293680
2014-12-24 16:30:00,17810,17850,17760,17820,4165,74159640
2014-12-25 09:00:00,17800,17830,17740,17750,14762,262532980
2014-12-25 16:30:00,17760,17770,17700,17760,1969,34928180
2014-12-26 09:00:00,17770,17860,17770,17860,16024,285630700
2014-12-26 16:30:00,17890,17940,17870,17900,4366,78141400
2014-12-29 09:00:00,17920,17940,17520,17720,47207,838357810
2014-12-29 16:30:00,17720,17760,17570,17690,16162,285534020
2014-12-30 09:00:00,17720,17730,17350,17360,42350,743378490
2015-01-02 16:30:00,17355,17355,17200,17320,254970,4403725130
2015-01-05 09:00:00,17350,17555,17215,17385,614963,10696718194
2015-01-05 16:30:00,17340,17360,17045,17070,357865,6156395355
2015-01-06 09:00:00,17045,17095,16850,16900,663523,11260554972
2015-01-06 16:30:00,16870,17010,16545,16695,520927,8781836700
2015-01-07 09:00:00,16765,16970,16760,16960,517305,8736454670
2015-01-07 16:30:00,16980,17170,16925,17140,481328,8213960291
2015-01-08 09:00:00,17055,17255,17000,17255,557216,9553214949
2015-01-08 16:30:00,17295,17385,17215,17355,281147,4860914300
2015-01-09 09:00:00,17350,17360,17120,17205,509552,8783381333
2015-01-12 16:30:00,17185,17290,16915,16930,524508,8981822535
2015-01-13 09:00:00,16955,17100,16820,17090,532333,9006925164
2015-01-13 16:30:00,17025,17230,16940,17030,384687,6577098925
2015-01-14 09:00:00,16940,17035,16760,16770,597876,10100603341
2015-01-14 16:30:00,16705,16810,16530,16670,583861,9726320358
2015-01-15 09:00:00,16835,17165,16830,17165,532331,9045774122
2015-01-15 16:30:00,17160,17195,16730,16845,1051275,17819447265
2015-01-16 09:00:00,16730,16890,16540,16790,854131,14280580075
2015-01-16 16:30:00,16790,17050,16690,17035,605377,10211660910
2015-01-19 09:00:00,17020,17040,16905,17035,544564,9246688485
2015-01-19 16:30:00,16990,17130,16960,17050,194358,3309134215
2015-01-20 09:00:00,17075,17385,17060,17380,475044,8192890320
2015-01-20 16:30:00,17430,17485,17260,17320,469969,8170070955
2015-01-21 09:00:00,17310,17325,17175,17215,601190,10373814135
2015-01-21 16:30:00,17210,17345,17075,17300,516464,8887128040
2015-01-22 09:00:00,17305,17360,17225,17360,368736,6374684565
2015-01-22 16:30:00,17345,17420,17145,17410,564678,9774008910
2015-01-23 09:00:00,17540,17545,17455,17520,367573,6430166030
2015-01-23 16:30:00,17530,17590,17335,17420,463651,8107034250
2015-01-26 09:00:00,17280,17470,17275,17435,307908,5354727645
2015-01-26 16:30:00,17490,17690,17465,17670,357119,6274850010
2015-01-27 09:00:00,17640,17765,17625,17705,396110,7014242760
2015-01-27 16:30:00,17680,17690,17485,17625,428812,7540975690
2015-01-28 09:00:00,17590,17850,17590,17830,457462,8117571910
2015-01-28 16:30:00,17850,17875,17690,17790,386178,6860631675
2015-01-29 09:00:00,17630,17785,17570,17615,439471,7772265310
2015-01-29 16:30:00,17660,17750,17595,17735,410831,7261747055
2015-01-30 09:00:00,17775,17810,17660,17670,434618,7708038780
2015-01-30 16:30:00,17670,17690,17520,17565,411205,7234384840
2015-02-02 09:00:00,17515,17630,17460,17530,358847,6297888985
2015-02-02 16:30:00,17560,17635,17490,17550,378843,6657130655
2015-02-03 09:00:00,17650,17655,17265,17330,549906,9588691921
2015-02-03 16:30:00,17360,17535,17330,17505,377404,6590077220
2015-02-04 09:00:00,17565,17745,17530,17665,480416,8484049940
2015-02-04 16:30:00,17655,17715,17550,17645,315848,5567636225
2015-02-05 09:00:00,17605,17630,17475,17485,400103,7016768090
2015-02-05 16:30:00,17500,17710,17490,17640,338919,5966498995
2015-02-06 09:00:00,17690,17700,17600,17660,269703,4758505140
2015-02-06 16:30:00,17645,17920,17615,17895,402719,7163685800
2015-02-09 09:00:00,17795,17805,17650,17690,317880,5631216939
2015-02-09 16:30:00,17715,17730,17600,17635,284580,5021161785
2015-02-10 09:00:00,17630,17665,17540,17645,308905,5435754400
2015-02-11 16:30:00,17660,17825,17615,17810,365094,6475558190
2015-02-12 09:00:00,17940,18000,17865,17865,549590,9867301957
2015-02-12 16:30:00,17875,17965,17700,17855,520629,9298203645
2015-02-13 09:00:00,17895,17965,17855,17960,431468,7727518160
2015-02-13 16:30:00,17995,18090,17965,18075,282197,5089823550
2015-02-16 09:00:00,18010,18065,17970,17990,302622,5453192600
2015-02-16 16:30:00,18015,18020,17955,17965,86057,1547762095
2015-02-17 09:00:00,17930,18000,17890,17995,335850,6030557350
2015-02-17 16:30:00,17990,18080,17965,18070,228746,4125613455
2015-02-18 09:00:00,18095,18205,18080,18180,360322,6538380990
2015-02-18 16:30:00,18205,18335,18200,18315,288315,5271785790
2015-02-19 09:00:00,18230,18320,18225,18260,314504,5746743270
2015-02-19 16:30:00,18275,18380,18210,18350,263330,4818905165
2015-02-20 09:00:00,18335,18375,18290,18360,300614,5510159240
2015-02-20 16:30:00,18350,18445,18270,18415,298982,5484516645
2015-02-23 09:00:00,18500,18515,18400,18460,340350,6285175215
2015-02-23 16:30:00,18470,18495,18445,18465,136330,2518135690
2015-02-24 09:00:00,18470,18630,18430,18620,417712,7737507300
2015-02-24 16:30:00,18620,18700,18590,18640,230615,4300708335
2015-02-25 09:00:00,18630,18655,18555,18630,404388,7525041825
2015-02-25 16:30:00,18620,18640,18550,18635,138873,2582360575
2015-02-26 09:00:00,18590,18805,18585,18805,442612,8280114840
2015-02-26 16:30:00,18815,18920,18775,18880,213622,4027131455
2015-02-27 09:00:00,18850,18875,18715,18820,474773,8927056565
2015-02-27 16:30:00,18840,18870,18795,18840,147650,2780681100
2015-03-02 09:00:00,18870,18990,18770,18855,413890,7802068930
2015-03-02 16:30:00,18845,18890,18790,18875,170720,3217248835
2015-03-03 09:00:00,18910,18915,18730,18820,472163,8881923505
2015-03-03 16:30:00,18825,18830,18655,18695,203711,3816927500
2015-03-04 09:00:00,18720,18735,18590,18650,413433,7718080790
2015-03-04 16:30:00,18655,18710,18565,18690,239264,4456776975
2015-03-05 09:00:00,18670,18780,18650,18765,340605,6377531880
2015-03-05 16:30:00,18770,18920,18770,18840,223114,4208046310
2015-03-06 09:00:00,18820,18995,18815,18995,504641,9549926845
2015-03-06 16:30:00,18990,19095,18885,18890,412731,7842337230
2015-03-09 09:00:00,18870,18885,18735,18795,504933,9497565640
2015-03-09 16:30:00,18815,18895,18700,18895,274741,5162994170
2015-03-10 09:00:00,18885,18920,18570,18665,658680,12353815885
2015-03-10 16:30:00,18645,18680,18505,18550,342033,6351201580
2015-03-11 09:00:00,18575,18840,18570,18650,572410,10720423385
2015-03-11 16:30:00,18655,18780,18610,18745,252277,4719561390
2015-03-12 09:00:00,18780,19015,18765,19015,242005,4576008005
2015-03-12 16:30:00,18930,19120,18825,19095,335513,6367760480
2015-03-13 09:00:00,19070,19250,19040,19195,626390,11994143090
2015-03-13 16:30:00,19230,19275,19145,19155,323806,6219170490
2015-03-16 09:00:00,19150,19270,19140,19245,415601,7981745135
2015-03-16 16:30:00,19255,19395,19240,19365,273216,5280062390
2015-03-17 09:00:00,19330,19400,19290,19395,389958,7544564455
2015-03-17 16:30:00,19400,19475,19275,19350,344932,6676757905
2015-03-18 09:00:00,19325,19485,19305,19485,437738,8480327655
2015-03-18 16:30:00,19475,19485,19320,19380,261432,5074180395
2015-03-19 09:00:00,19400,19470,19220,19430,693340,13423982919
2015-03-19 16:30:00,19430,19450,19315,19360,288296,5587491495
2015-03-20 09:00:00,19410,19515,19325,19495,418212,8114360314
2015-03-20 16:30:00,19490,19600,19475,19560,278923,5456216775
2015-03-23 09:00:00,19570,19700,19545,19690,384381,7552330412
2015-03-23 16:30:00,19680,19690,19615,19640,211550,4156959465
2015-03-24 09:00:00,19625,19690,19555,19640,453004,8893280836
2015-03-24 16:30:00,19640,19730,19580,19660,267098,5248305265
2015-03-25 09:00:00,19645,19690,19445,19650,537725,10538789046
2015-03-25 16:30:00,19650,19665,19485,19540,291157,5701841805
2015-03-26 09:00:00,19520,19535,19280,19280,705995,13688362085
2015-03-26 16:30:00,19235,19375,19025,19375,566426,10873447160
2015-03-27 09:00:00,19390,19615,19095,19310,974089,18887795740
2015-03-27 16:30:00,19275,19385,19225,19315,362154,6989115630
2015-03-30 09:00:00,19310,19490,19235,19425,535694,10384695777
2015-03-30 16:30:00,19500,19610,19495,19595,207887,4066746780
2015-03-31 09:00:00,19615,19630,19220,19245,729230,14172053340
2015-03-31 16:30:00,19330,19375,19185,19270,326953,6302417280
2015-04-01 09:00:00,19205,19225,18935,19115,949590,18129043165
2015-04-01 16:30:00,19080,19235,19035,19140,414880,7943957685
2015-04-02 09:00:00,19140,19450,19120,19350,665292,12845357229
2015-04-02 16:30:00,19300,19450,19275,19340,259428,5019733410
2015-04-03 09:00:00,19330,19480,19310,19480,352569,6838660575
2015-04-03 16:30:00,19465,19555,19320,19350,194429,3779070575
2015-04-06 09:00:00,19295,19445,19250,19390,392643,7607298698
2015-04-06 16:30:00,19410,19595,19395,19580,170214,3319095820
2015-04-07 09:00:00,19555,19685,19505,19675,610427,11969027545
2015-04-07 16:30:00,19700,19860,19680,19805,309244,6114552025
2015-04-08 09:00:00,19755,19875,19710,19820,589598,11658608197
2015-04-08 16:30:00,19795,19910,19790,19855,268360,5330753629
2015-04-09 09:00:00,19870,19980,19840,19920,476828,9501478714
2015-04-09 16:30:00,19905,20000,19875,19980,221867,4422232595
2015-04-10 09:00:00,20025,20025,19855,19965,582128,11614464051
2015-04-10 16:30:00,19975,19990,19940,19985,154774,3089952350
2015-04-13 09:00:00,19985,20000,19835,19935,397882,7922631250
2015-04-13 16:30:00,19920,19975,19845,19875,216002,4302552095
2015-04-14 09:00:00,19840,19940,19835,19915,254546,5066279910
2015-04-14 16:30:00,19930,19970,19785,19840,349552,6948826100
2015-04-15 09:00:00,19850,19935,19835,19875,362235,7203206580
2015-04-15 16:30:00,19875,19920,19840,19860,163974,3260934935
2015-04-16 09:00:00,19870,19910,19760,19885,435619,8645238235
2015-04-16 16:30:00,19870,19875,19770,19835,250794,4970686120
2015-04-17 09:00:00,19815,19835,19650,19695,492157,9718496015
2015-04-17 16:30:00,19685,19695,19480,19535,448034,8770243145
2015-04-20 09:00:00,19540,19740,19495,19610,476242,9354948690
2015-04-20 16:30:00,19670,19740,19620,19730,215791,4248391685
2015-04-21 09:00:00,19740,19965,19690,19965,453842,8994152431
2015-04-21 16:30:00,20020,20080,19990,20005,320047,6411312270
2015-04-22 09:00:00,20020,20165,20000,20160,557442,11208409835
2015-04-22 16:30:00,20195,20240,20085,20235,382251,7707509085
2015-04-23 09:00:00,20240,20275,20140,20185,446162,9016638859
2015-04-23 16:30:00,20165,20180,20105,20155,259752,5231650695
2015-04-24 09:00:00,20150,20155,20025,20050,415946,8352575865
2015-04-24 16:30:00,20050,20140,20040,20045,247283,4967299530
2015-04-27 09:00:00,20080,20085,19915,20005,427090,8539124020
2015-04-27 16:30:00,20030,20160,19990,20080,267102,5364321835
2015-04-28 09:00:00,20095,20150,20035,20035,410945,8260193895
2015-04-29 16:30:00,20010,20040,19930,20025,278318,5565102975
2015-04-30 09:00:00,19805,19820,19490,19510,893308,17564362555
2015-04-30 16:30:00,19510,19610,19380,19490,543033,10588526025
2015-05-01 09:00:00,19520,19600,19410,19540,396033,7717929069
2015-05-06 16:30:00,19550,19685,19525,19685,135548,2657426448
2015-05-07 09:00:00,19365,19465,19250,19250,622645,12040715863
2015-05-07 16:30:00,19200,19370,19040,19360,501670,9630961400
2015-05-08 09:00:00,19375,19470,19300,19385,431940,8372143215
2015-05-08 16:30:00,19400,19690,19365,19665,424890,8297657745
2015-05-11 09:00:00,19650,19690,19590,19640,351082,6893938365
2015-05-11 16:30:00,19650,19655,19575,19650,179395,3520222075
2015-05-12 09:00:00,19590,19670,19470,19670,387446,7578490170
2015-05-12 16:30:00,19600,19605,19455,19520,414757,8096372960
2015-05-13 09:00:00,19565,19810,19500,19780,534633,10515859705
2015-05-13 16:30:00,19775,19850,19640,19685,367373,7259140115
2015-05-14 09:00:00,19670,19730,19550,19550,444756,8734464880
2015-05-14 16:30:00,19490,19650,19475,19650,293491,5747758625
2015-05-15 09:00:00,19710,19760,19605,19755,387406,7632807060
2015-05-15 16:30:00,19780,19865,19690,19735,334281,6613890820
2015-05-18 09:00:00,19750,19910,19745,19890,328620,6519750725
2015-05-18 16:30:00,19900,19945,19850,19940,224000,4458485365
2015-05-19 09:00:00,19985,20095,19945,20030,384038,7689999480
2015-05-19 16:30:00,20075,20195,20055,20180,245927,4949639215
2015-05-20 09:00:00,20170,20295,20160,20230,466637,9432961745
2015-05-20 16:30:00,20235,20265,20160,20235,195646,3954737270
2015-05-21 09:00:00,20220,20330,20175,20180,474743,9615690315
2015-05-21 16:30:00,20175,20250,20145,20210,203435,4108586095
2015-05-22 09:00:00,20220,20290,20130,20280,449534,9087170010
2015-05-22 16:30:00,20285,20390,20260,20370,226747,4607933125
2015-05-25 09:00:00,20345,20430,20320,20430,264150,5385756345
2015-05-25 16:30:00,20430,20480,20410,20410,75575,1544747205
2015-05-26 09:00:00,20435,20480,20380,20475,363635,7431122820
2015-05-26 16:30:00,20525,20550,20325,20335,443220,9066404745
2015-05-27 09:00:00,20375,20530,20370,20480,471125,9634075775
2015-05-27 16:30:00,20530,20640,20490,20635,361632,7444204830
2015-05-28 09:00:00,20615,20665,20475,20570,633448,13041975285
2015-05-28 16:30:00,20505,20560,20445,20495,330787,6782704850
2015-05-29 09:00:00,20510,20645,20505,20560,497502,10244494670
2015-05-29 16:30:00,20515,20520,20375,20465,422280,8636054970
2015-06-01 09:00:00,20455,20605,20415,20570,484959,9943292010
2015-06-01 16:30:00,20580,20630,20500,20625,323505,6652835535
2015-06-02 09:00:00,20615,20625,20470,20540,403645,8298164955
2015-06-02 16:30:00,20530,20540,20420,20465,479473,9816239365
2015-06-03 09:00:00,20440,20515,20395,20490,463293,9478085955
2015-06-03 16:30:00,20465,20580,20465,20560,353180,7252274170
2015-06-04 09:00:00,20560,20565,20435,20500,365071,7485872600
2015-06-04 16:30:00,20480,20495,20360,20410,470462,9612109645
2015-06-05 09:00:00,20415,20485,20360,20460,438200,8945788755
2015-06-05 16:30:00,20505,20620,20445,20570,544444,11178623400
2015-06-08 09:00:00,20550,20560,20360,20450,519185,10620204685
2015-06-08 16:30:00,20415,20440,20310,20315,274458,5598472660
2015-06-09 09:00:00,20295,20340,20050,20050,610880,12360187400
2015-06-09 16:30:00,20115,20135,19925,20125,525538,10534714420
2015-06-10 09:00:00,20115,20270,20010,20105,752865,15155053290
2015-06-10 16:30:00,20095,20235,20035,20200,328310,6610952640
2015-06-11 09:00:00,20180,20450,20180,20450,213360,4331980685
2015-06-11 16:30:00,20450,20545,20420,20470,346635,7100592470
2015-06-12 09:00:00,20430,20440,20325,20390,368944,7520038730
2015-06-12 16:30:00,20400,20420,20245,20290,302948,6160896180
2015-06-15 09:00:00,20210,20395,20205,20340,335582,6815415906
2015-06-15 16:30:00,20360,20370,20250,20320,223650,4541263595
2015-06-16 09:00:00,20310,20360,20225,20230,338299,6859421397
2015-06-16 16:30:00,20195,20265,20115,20265,304301,6140141098
2015-06-17 09:00:00,20290,20310,20115,20235,435602,8797601927
2015-06-17 16:30:00,20240,20280,20125,20195,245523,4963323835
2015-06-18 09:00:00,20190,20195,19960,19960,572109,11473704239
2015-06-18 16:30:00,19970,20195,19870,20130,480500,9614386326
2015-06-19 09:00:00,20140,20180,20055,20170,446068,8981016279
2015-06-19 16:30:00,20160,20225,20100,20130,221765,4471332734
2015-06-22 09:00:00,20150,20440,20145,20440,388412,7893460841
2015-06-22 16:30:00,20485,20590,20465,20540,330302,6777831105
2015-06-23 09:00:00,20540,20825,20520,20825,635026,13139690988
2015-06-23 16:30:00,20840,20895,20805,20885,290429,6055121340
2015-06-24 09:00:00,20870,20955,20810,20820,510373,10661543959
2015-06-24 16:30:00,20850,20850,20700,20720,439312,9126497575
2015-06-25 09:00:00,20765,20860,20740,20760,384877,8006394865
2015-06-25 16:30:00,20775,20850,20760,20780,353260,7348138020
2015-06-26 09:00:00,20780,20795,20655,20760,443296,9186939750
2015-06-26 16:30:00,20695,20885,20690,20870,293653,6111895865
2015-06-29 09:00:00,20200,20365,20085,20110,895897,18122150121
2015-06-29 16:30:00,20200,20325,20145,20180,603501,12217156240
2015-06-30 09:00:00,20160,20290,20110,20275,608326,12279496077
2015-06-30 16:30:00,20230,20380,20165,20270,725990,14727284744
2015-07-01 09:00:00,20290,20400,20230,20400,336878,6838215396
2015-07-01 16:30:00,20420,20620,20405,20505,609153,12506769260
2015-07-02 09:00:00,20550,20600,20475,20540,390621,8026420725
2015-07-02 16:30:00,20550,20570,20455,20455,321143,6585453100
2015-07-03 09:00:00,20470,20565,20430,20535,389324,7975845945
2015-07-03 16:30:00,20560,20565,20445,20460,138043,2829493455
2015-07-06 09:00:00,20160,20310,20000,20195,798634,16094414100
2015-07-06 16:30:00,20230,20370,20180,20240,549739,11139855555
2015-07-07 09:00:00,20365,20440,20325,20420,430929,8786011760
2015-07-07 16:30:00,20455,20460,20090,20260,756956,15329482925
2015-07-08 09:00:00,20280,20320,19650,19660,1131884,22605320469
2015-07-08 16:30:00,19640,19710,19360,19390,966693,18899101725
2015-07-09 09:00:00,19350,19903,19105,19860,1368384,26632899079
2015-07-09 16:30:00,19850,19865,19635,19690,503260,9956087700
2015-07-10 09:00:00,19820,19980,19715,19860,780336,15483931942
2015-07-10 16:30:00,19880,20090,19835,20000,467849,9346140615
2015-07-13 09:00:00,19950,20130,19910,20090,500304,10019928875
2015-07-13 16:30:00,20270,20375,20235,20325,412903,8389429750
2015-07-14 09:00:00,20350,20435,20320,20420,474568,9672375395
2015-07-14 16:30:00,20410,20495,20360,20490,265120,5414259275
2015-07-15 09:00:00,20470,20490,20390,20450,360620,7376750580
2015-07-15 16:30:00,20465,20620,20445,20565,274164,5629231360
2015-07-16 09:00:00,20595,20605,20515,20560,352630,7250248170
2015-07-16 16:30:00,20590,20695,20585,20655,238861,4932769925
2015-07-17 09:00:00,20640,20655,20600,20640,227395,4691894825
2015-07-20 16:30:00,20650,20725,20630,20700,232911,4818287954
2015-07-21 09:00:00,20760,20850,20710,20840,283019,5878263005
2015-07-21 16:30:00,20825,20830,20595,20640,294807,6108033383
2015-07-22 09:00:00,20640,20675,20540,20555,378020,7791726266
2015-07-22 16:30:00,20565,20680,20525,20645,284619,5865671359
2015-07-23 09:00:00,20680,20700,20645,20670,223444,4618877730
2015-07-23 16:30:00,20640,20675,20555,20600,255083,5259854090
2015-07-24 09:00:00,20605,20630,20520,20520,292457,6013622675
2015-07-24 16:30:00,20550,20590,20355,20375,304133,6234270415
2015-07-27 09:00:00,20380,20490,20270,20355,507886,10341977495
2015-07-27 16:30:00,20245,20280,20045,20130,614739,12388573085
2015-07-28 09:00:00,20145,20425,20065,20305,783467,15849948738
2015-07-28 16:30:00,20285,20390,20185,20345,415977,8441097050
2015-07-29 09:00:00,20320,20330,20195,20300,442510,8969534945
2015-07-29 16:30:00,20345,20410,20275,20395,282277,5741169370
2015-07-30 09:00:00,20450,20585,20445,20560,494876,10154940515
2015-07-30 16:30:00,20560,20570,20460,20520,333782,6851361237
2015-07-31 09:00:00,20510,20590,20460,20560,403971,8293515140
2015-07-31 16:30:00,20595,20600,20490,20530,305358,6275533360
2015-08-03 09:00:00,20520,20555,20380,20505,489506,10025460388
2015-08-03 16:30:00,20495,20555,20420,20450,304568,6244707040
2015-08-04 09:00:00,20440,20545,20425,20460,378899,7765875740
2015-08-04 16:30:00,20435,20500,20415,20465,332738,6807705845
2015-08-05 09:00:00,20480,20715,20465,20600,574367,11833467740
2015-08-05 16:30:00,20625,20825,20620,20770,394785,8187370865
2015-08-06 09:00:00,20780,20805,20650,20655,462305,9590206691
2015-08-06 16:30:00,20725,20725,20570,20605,340393,7030099775
2015-08-07 09:00:00,20620,20745,20560,20710,462254,9550492051
2015-08-07 16:30:00,20680,20745,20575,20595,407556,8423960105
2015-08-10 09:00:00,20610,20805,20605,20790,373041,7727526706
2015-08-10 16:30:00,20780,20900,20740,20890,315667,6574900270
2015-08-11 09:00:00,20915,20940,20560,20670,845787,17532674320
2015-08-11 16:30:00,20690,20705,20540,20590,437399,9015710618
2015-08-12 09:00:00,20630,20695,20285,20345,979117,20035631600
2015-08-12 16:30:00,20310,20315,20040,20235,725629,14649325164
2015-08-13 09:00:00,20395,20656,20280,20630,894799,18328810576
2015-08-13 16:30:00,20645,20650,20510,20590,365549,7523698015
2015-08-14 09:00:00,20500,20600,20465,20510,391168,8027794015
2015-08-14 16:30:00,20525,20580,20470,20540,293028,6013898470
2015-08-17 09:00:00,20590,20675,20530,20630,335072,6902084085
2015-08-17 16:30:00,20655,20655,20530,20640,320098,6591825155
2015-08-18 09:00:00,20635,20655,20530,20565,322394,6639333005
2015-08-18 16:30:00,20570,20570,20435,20475,378238,7750665015
2015-08-19 09:00:00,20465,20520,20165,20220,682850,13888520025
2015-08-19 16:30:00,20220,20345,20165,20165,461490,9343990100
2015-08-20 09:00:00,20185,20245,20015,20040,733079,14751103185
2015-08-20 16:30:00,20060,20065,19690,19760,748911,14887459250
2015-08-21 09:00:00,19640,19705,19425,19425,976634,19114471825
2015-08-21 16:30:00,19460,19660,19005,19085,1216169,23507218960
2015-08-24 09:00:00,18960,19100,18430,18430,1777698,33329873925
2015-08-24 16:30:00,18420,18420,17155,18165,2337659,41769229670
2015-08-25 09:00:00,17950,18850,17670,17670,2100699,38393822100
2015-08-25 16:30:00,17990,18550,17905,18035,1299581,23757157955
2015-08-26 09:00:00,17790,18505,17660,18440,1533720,27615774235
2015-08-26 16:30:00,18270,18575,18120,18465,981314,18012630990
2015-08-27 09:00:00,18700,18810,18475,18565,800947,14950451180
2015-08-27 16:30:00,18745,19070,18705,19040,577270,10878220795
2015-08-28 09:00:00,19050,19200,18940,19180,657612,12532475935
2015-08-28 16:30:00,19110,19190,18960,19140,500837,9549016060
2015-08-31 09:00:00,19010,19025,18740,18835,695811,13137899850
2015-08-31 16:30:00,18880,18960,18820,18860,352580,6659705850
2015-09-01 09:00:00,18750,18770,18070,18105,854284,15793538360
2015-09-01 16:30:00,18155,18185,17770,17880,1004799,18030442090
2015-09-02 09:00:00,17850,18480,17830,18250,1170415,21326947040
2015-09-02 16:30:00,18200,18325,18010,18230,662440,12025600055
2015-09-03 09:00:00,18375,18490,18170,18230,623852,11434135830
2015-09-03 16:30:00,18255,18415,18195,18255,472875,8652078935
2015-09-04 09:00:00,18300,18310,17590,17760,999988,17909818370
2015-09-04 16:30:00,17730,17795,17515,17530,659714,11647345325
2015-09-07 09:00:00,17680,18015,17470,17870,914747,16263644870
2015-09-07 16:30:00,17860,17910,17795,17850,133356,2380139605
2015-09-08 09:00:00,17925,17985,17380,17460,750325,13248270985
2015-09-08 16:30:00,17700,18015,17700,17995,495922,8882747210
2015-09-09 09:00:00,18020,18755,17990,18565,933809,17145376100
2015-09-09 16:30:00,18705,18730,18450,18450,418686,7779842990
2015-09-10 09:00:00,18135,18345,17945,18250,426232,7748255295
2015-09-10 16:30:00,18220,18290,18005,18140,495213,8975866820
2015-09-11 09:00:00,17990,18235,17980,18165,460181,8348812697
2015-09-11 16:30:00,18070,18100,17900,17985,333441,5998642795
2015-09-14 09:00:00,18230,18230,17790,17830,524260,9423346240
2015-09-14 16:30:00,17890,17930,17755,17875,259205,4623518110
2015-09-15 09:00:00,17960,18215,17870,17880,598263,10784605590
2015-09-15 16:30:00,17860,18110,17710,18100,354729,6339499645
2015-09-16 09:00:00,18140,18190,17980,18135,451466,8163556440
2015-09-16 16:30:00,18210,18380,18145,18315,312105,5693715600
2015-09-17 09:00:00,18280,18360,18180,18350,379028,6930122015
2015-09-17 16:30:00,18310,18390,18260,18370,174113,3189866970
2015-09-18 09:00:00,18185,18190,17920,17995,514258,9278328825
2015-09-23 16:30:00,17955,18040,17655,17770,455221,8113045270
2015-09-24 09:00:00,17615,17710,17460,17460,429572,7552539226
2015-09-24 16:30:00,17485,17590,17065,17265,540534,9355485920
2015-09-25 09:00:00,17500,17770,17360,17770,625586,10999615404
2015-09-25 16:30:00,17815,18020,17805,17965,436310,7825859315
2015-09-28 09:00:00,17810,17855,17550,17690,466771,8254867250
2015-09-28 16:30:00,17715,17770,17310,17350,412269,7228595265
2015-09-29 09:00:00,17350,17350,16895,16940,615638,10513652260
2015-09-29 16:30:00,17090,17270,17030,17230,464406,7967656395
2015-09-30 09:00:00,17230,17470,17170,17330,534963,9266449930
2015-09-30 16:30:00,17400,17490,17260,17410,344212,5990417180
2015-10-01 09:00:00,17490,17855,17390,17690,570383,10071767072
2015-10-01 16:30:00,17750,17770,17440,17550,390505,6865147600
2015-10-02 09:00:00,17565,17775,17530,17670,373559,6599203890
2015-10-02 16:30:00,17730,17810,17245,17665,738394,12928959520
2015-10-05 09:00:00,17935,18080,17865,18060,420191,7553928081
2015-10-05 16:30:00,18020,18410,18020,18385,369897,6744281050
2015-10-06 09:00:00,18350,18370,18090,18170,436225,7958722765
2015-10-06 16:30:00,18140,18310,18050,18170,414561,7540943115
2015-10-07 09:00:00,18170,18385,17985,18385,598607,10892977475
2015-10-07 16:30:00,18350,18470,18210,18340,470818,8635025422
2015-10-08 09:00:00,18310,18410,18096,18100,512000,9337973207
2015-10-08 16:30:00,18025,18180,18015,18165,334621,6061033530
2015-10-09 09:00:00,18200,18450,18185,18420,427603,7834973690
2015-10-12 16:30:00,18380,18415,18265,18325,286370,5254053925
2015-10-13 09:00:00,18330,18370,18220,18220,322239,5892765170
2015-10-13 16:30:00,18175,18245,18090,18165,260446,4728511300
2015-10-14 09:00:00,18110,18135,17835,17940,464336,8331090905
2015-10-14 16:30:00,17890,18030,17800,17885,374445,6710821415
2015-10-15 09:00:00,17800,18185,17750,18100,515125,9283184250
2015-10-15 16:30:00,18000,18125,17970,18120,277124,5000660240
2015-10-16 09:00:00,18280,18405,18235,18285,395595,7243283065
2015-10-16 16:30:00,18305,18380,18255,18270,232313,4252117515
2015-10-19 09:00:00,18310,18320,18080,18130,353411,6431006090
2015-10-19 16:30:00,18220,18235,18135,18220,213939,3891600950
2015-10-20 09:00:00,18265,18270,18150,18210,224693,4090844785
2015-10-20 16:30:00,18255,18270,18165,18210,197591,3599679635
2015-10-21 09:00:00,18180,18620,18165,18540,467184,8613688410
2015-10-21 16:30:00,18460,18595,18420,18490,291041,5391270575
2015-10-22 09:00:00,18435,18585,18375,18450,351774,6502394515
2015-10-22 16:30:00,18475,18885,18450,18815,373477,6975563170
2015-10-23 09:00:00,18900,18930,18800,18800,444125,8377699070
2015-10-23 16:30:00,18805,19140,18755,19120,494780,9389899310
2015-10-26 09:00:00,19075,19100,18915,18940,341151,6492215420
2015-10-26 16:30:00,18915,19040,18880,19005,275194,5217088615
2015-10-27 09:00:00,18970,18970,18760,18835,375167,7072928195
2015-10-27 16:30:00,18840,18860,18765,18825,264858,4981003680
2015-10-28 09:00:00,18850,18940,18820,18925,330426,6239941040
2015-10-28 16:30:00,18925,19045,18870,19040,246595,4674434325
2015-10-29 09:00:00,19080,19095,18815,18900,457791,8671367050
2015-10-29 16:30:00,18915,18970,18840,18920,289335,5471034935
2015-10-30 09:00:00,18920,19220,18720,19090,760143,14440923080
2015-10-30 16:30:00,19060,19085,18870,18915,353341,6699443965
2015-11-02 09:00:00,18830,18865,18640,18740,439186,8229325067
2015-11-03 16:30:00,18715,18915,18710,18915,219316,4128330370
2015-11-04 09:00:00,19020,19185,18880,18895,495491,9436726590
2015-11-04 16:30:00,18935,19135,18925,19100,330078,6285701245
2015-11-05 09:00:00,19040,19190,19000,19140,405359,7744397530
2015-11-05 16:30:00,19155,19350,19110,19260,428525,8243049856
2015-11-06 09:00:00,19200,19300,19170,19260,340264,6542908665
2015-11-06 16:30:00,19270,19490,19225,19425,508464,9845627235
2015-11-09 09:00:00,19420,19700,19420,19620,536500,10512054323
2015-11-09 16:30:00,19645,19660,19380,19405,348835,6818173915
2015-11-10 09:00:00,19450,19700,19445,19700,478995,9374891698
2015-11-10 16:30:00,19700,19775,19555,19660,433278,8513997960
2015-11-11 09:00:00,19605,19740,19605,19740,432163,8504758903
2015-11-11 16:30:00,19745,19790,19675,19745,294131,5806703171
2015-11-12 09:00:00,19630,19735,19600,19680,395358,7780719592
2015-11-12 16:30:00,19695,19725,19505,19520,459004,8999223485
2015-11-13 09:00:00,19505,19635,19385,19625,553847,10811422895
2015-11-13 16:30:00,19600,19625,19430,19545,466980,9113859555
2015-11-16 09:00:00,19250,19460,19235,19410,421714,8173849920
2015-11-16 16:30:00,19445,19610,19440,19600,413207,8075270870
2015-11-17 09:00:00,19665,19740,19630,19680,369537,7275044900
2015-11-17 16:30:00,19655,19845,19630,19815,392974,7756334740
2015-11-18 09:00:00,19790,19850,19650,19690,391067,7727441245
2015-11-18 16:30:00,19700,19835,19670,19820,360230,7120093495
2015-11-19 09:00:00,19880,19970,19760,19880,597240,11878059640
2015-11-19 16:30:00,19900,19930,19805,19855,330042,6561416505
2015-11-20 09:00:00,19815,19900,19720,19890,362161,7169465465
2015-11-23 16:30:00,19890,19945,19860,19920,288119,5736913870
2015-11-24 09:00:00,19900,19970,19835,19965,289482,5760442810
2015-11-24 16:30:00,19975,19985,19765,19845,466937,9273237205
2015-11-25 09:00:00,19865,19885,19790,19850,304623,6043726225
2015-11-25 16:30:00,19845,19935,19815,19935,239543,4763809335
2015-11-26 09:00:00,19935,20005,19930,19945,289627,5784598320
2015-11-26 16:30:00,19955,20015,19925,20000,135383,2704977280
2015-11-27 09:00:00,20000,20010,19835,19860,328605,6542979510
2015-11-27 16:30:00,19830,19895,19790,19870,211261,4193599985
2015-11-30 09:00:00,19870,19890,19710,19750,375379,7430157390
2015-11-30 16:30:00,19780,19885,19725,19785,251232,4978764140
2015-12-01 09:00:00,19830,20035,19810,20020,420749,8387377785
2015-12-01 16:30:00,20010,20020,19955,19975,252693,5049745575
2015-12-02 09:00:00,19960,19995,19925,19950,275636,5502203680
2015-12-02 16:30:00,19965,20005,19950,19975,208816,4171721165
2015-12-03 09:00:00,19900,19975,19865,19940,352413,7018962975
2015-12-03 16:30:00,19930,19980,19550,19595,685140,13580137105
2015-12-04 09:00:00,19595,19660,19435,19460,552310,10791458670
2015-12-04 16:30:00,19500,19660,19385,19640,634621,12392392605
2015-12-07 09:00:00,19730,19815,19675,19750,323109,6383304630
2015-12-07 16:30:00,19755,19805,19635,19660,355140,7008219540
2015-12-08 09:00:00,19720,19775,19440,19490,481105,9412428750
2015-12-08 16:30:00,19510,19520,19240,19380,559966,10851747040
2015-12-09 09:00:00,19395,19475,19255,19295,476781,9224024585
2015-12-09 16:30:00,19345,19365,18950,18950,552489,10620497210
2015-12-10 09:00:00,19065,19130,19020,19030,179396,3421031055
2015-12-10 16:30:00,19020,19140,18950,19105,423757,8074805600
2015-12-11 09:00:00,18985,19260,18970,19215,425627,8158004250
2015-12-11 16:30:00,19190,19195,18590,18645,854250,16111064055
2015-12-14 09:00:00,18750,18885,18560,18840,659111,12352064421
2015-12-14 16:30:00,18920,18960,18505,18700,837737,15689888445
2015-12-15 09:00:00,18840,18875,18525,18550,522658,9767653786
2015-12-15 16:30:00,18605,18930,18490,18925,526617,9867038495
2015-12-16 09:00:00,18855,19085,18840,19085,444914,8427912958
2015-12-16 16:30:00,19070,19190,19050,19135,406021,7768467458
2015-12-17 09:00:00,19405,19485,19290,19340,554207,10751176102
2015-12-17 16:30:00,19350,19520,19330,19360,408517,7935635715
2015-12-18 09:00:00,19300,19880,18940,18950,1138988,22007630800
2015-12-18 16:30:00,19010,19010,18755,18830,603064,11367461640
2015-12-21 09:00:00,18825,18960,18610,18840,527144,9891067425
2015-12-21 16:30:00,18850,18925,18690,18790,361971,6817464855
2015-12-22 09:00:00,18890,18920,18790,18870,295798,5579648807
2015-12-23 16:30:00,18870,18875,18675,18820,377909,7092939205
2015-12-24 09:00:00,19060,19060,18750,18810,326938,6179420229
2015-12-24 16:30:00,18800,18855,18700,18820,158397,2975330900
2015-12-25 09:00:00,18800,18850,18710,18720,164514,3087539521
2015-12-25 16:30:00,18725,18765,18725,18765,13565,254224076
2015-12-28 09:00:00,18830,18920,18755,18900,274096,5163055575
2015-12-28 16:30:00,18905,18945,18810,18815,178603,3368750010
2015-12-29 09:00:00,18850,18990,18770,18980,265560,5017361437
2015-12-29 16:30:00,18990,19110,18970,19105,188222,3587799645
2015-12-30 09:00:00,19070,19105,18980,18990,233708,4452111525
